
-- Running command `read_verilog "/home/hunlu/apexcompute/asic-puzzle-2026/puzzle_compact.v"; prep -top puzzle; async2sync; opt_clean; sat -seq 200 -set-init-zero -set rst_n 1 -set enable 0 -set-at 1 rst_n 0 -set-at 2 rst_n 0 -set-at 3 rst_n 0 -set-at 5 enable 1 -set-at 6 enable 1 -set-at 7 enable 1 -set-at 8 enable 1 -set-at 9 enable 1 -set-at 10 enable 1 -set-at 11 enable 1 -set-at 12 enable 1 -set-at 13 enable 1 -set-at 14 enable 1 -set-at 15 enable 1 -set-at 16 enable 1 -set-at 17 enable 1 -set-at 18 enable 1 -set-at 19 enable 1 -set-at 20 enable 1 -set-at 21 enable 1 -set-at 22 enable 1 -set-at 23 enable 1 -set-at 24 enable 1 -set-at 25 enable 1 -set-at 26 enable 1 -set-at 27 enable 1 -set-at 28 enable 1 -set-at 29 enable 1 -set-at 30 enable 1 -set-at 31 enable 1 -set-at 32 enable 1 -set-at 33 enable 1 -set-at 34 enable 1 -set-at 35 enable 1 -set-at 36 enable 1 -set-at 37 enable 1 -set-at 38 enable 1 -set-at 39 enable 1 -set-at 40 enable 1 -set-at 41 enable 1 -set-at 42 enable 1 -set-at 43 enable 1 -set-at 44 enable 1 -set-at 45 enable 1 -set-at 46 enable 1 -set-at 47 enable 1 -set-at 48 enable 1 -set-at 49 enable 1 -set-at 50 enable 1 -set-at 51 enable 1 -set-at 52 enable 1 -set-at 53 enable 1 -set-at 54 enable 1 -set-at 55 enable 1 -set-at 56 enable 1 -set-at 57 enable 1 -set-at 58 enable 1 -set-at 59 enable 1 -set-at 60 enable 1 -set-at 61 enable 1 -set-at 62 enable 1 -set-at 63 enable 1 -set-at 64 enable 1 -set-at 65 enable 1 -set-at 66 enable 1 -set-at 67 enable 1 -set-at 68 enable 1 -set-at 69 enable 1 -set-at 70 enable 1 -set-at 71 enable 1 -set-at 72 enable 1 -set-at 73 enable 1 -set-at 74 enable 1 -set-at 75 enable 1 -set-at 76 enable 1 -set-at 77 enable 1 -set-at 78 enable 1 -set-at 79 enable 1 -set-at 80 enable 1 -set-at 81 enable 1 -set-at 82 enable 1 -set-at 83 enable 1 -set-at 84 enable 1 -set-at 85 enable 1 -set-at 86 enable 1 -set-at 87 enable 1 -set-at 88 enable 1 -set-at 89 enable 1 -set-at 90 enable 1 -set-at 91 enable 1 -set-at 92 enable 1 -set-at 93 enable 1 -set-at 94 enable 1 -set-at 95 enable 1 -set-at 96 enable 1 -set-at 97 enable 1 -set-at 98 enable 1 -set-at 99 enable 1 -set-at 100 enable 1 -set-at 101 enable 1 -set-at 102 enable 1 -set-at 103 enable 1 -set-at 104 enable 1 -set-at 105 enable 1 -set-at 106 enable 1 -set-at 107 enable 1 -set-at 108 enable 1 -set-at 109 enable 1 -set-at 110 enable 1 -set-at 111 enable 1 -set-at 112 enable 1 -set-at 113 enable 1 -set-at 114 enable 1 -set-at 115 enable 1 -set-at 116 enable 1 -set-at 117 enable 1 -set-at 118 enable 1 -set-at 119 enable 1 -set-at 120 enable 1 -set-at 121 enable 1 -set-at 122 enable 1 -set-at 123 enable 1 -set-at 124 enable 1 -set-at 125 enable 1 -set-at 1 I 0 -set-at 2 I 0 -set-at 3 I 0 -set-at 4 I 0 -set-at 126 I 0 -set-at 127 I 0 -set-at 128 I 0 -set-at 129 I 0 -set-at 130 I 0 -set-at 131 I 0 -set-at 132 I 0 -set-at 133 I 0 -set-at 134 I 0 -set-at 135 I 0 -set-at 136 I 0 -set-at 137 I 0 -set-at 138 I 0 -set-at 139 I 0 -set-at 140 I 0 -set-at 141 I 0 -set-at 142 I 0 -set-at 143 I 0 -set-at 144 I 0 -set-at 145 I 0 -set-at 146 I 0 -set-at 147 I 0 -set-at 148 I 0 -set-at 149 I 0 -set-at 150 I 0 -set-at 151 I 0 -set-at 152 I 0 -set-at 153 I 0 -set-at 154 I 0 -set-at 155 I 0 -set-at 156 I 0 -set-at 157 I 0 -set-at 158 I 0 -set-at 159 I 0 -set-at 160 I 0 -set-at 161 I 0 -set-at 162 I 0 -set-at 163 I 0 -set-at 164 I 0 -set-at 165 I 0 -set-at 166 I 0 -set-at 167 I 0 -set-at 168 I 0 -set-at 169 I 0 -set-at 170 I 0 -set-at 171 I 0 -set-at 172 I 0 -set-at 173 I 0 -set-at 174 I 0 -set-at 175 I 0 -set-at 176 I 0 -set-at 177 I 0 -set-at 178 I 0 -set-at 179 I 0 -set-at 180 I 0 -set-at 181 I 0 -set-at 182 I 0 -set-at 183 I 0 -set-at 184 I 0 -set-at 185 I 0 -set-at 186 I 0 -set-at 187 I 0 -set-at 188 I 0 -set-at 189 I 0 -set-at 190 I 0 -set-at 191 I 0 -set-at 192 I 0 -set-at 193 I 0 -set-at 194 I 0 -set-at 195 I 0 -set-at 196 I 0 -set-at 197 I 0 -set-at 198 I 0 -set-at 199 I 0 -set-at 200 I 0  -set-at 127 O 69 -set-at 127 success 0 -set-at 128 O 77 -set-at 128 success 0 -set-at 129 O 80 -set-at 129 success 0 -set-at 130 O 84 -set-at 130 success 0 -set-at 131 O 89 -set-at 131 success 0 -set-at 132 O 32 -set-at 132 success 0 -set-at 133 O 83 -set-at 133 success 0 -set-at 134 O 75 -set-at 134 success 0 -set-at 135 O 89 -set-at 135 success 0 -set-at 136 O 0 -set-at 136 success 0 -set-at 137 O 0 -set-at 137 success 0 -set-at 138 O 0 -set-at 138 success 0 -set-at 139 O 0 -set-at 139 success 0 -set-at 140 O 0 -set-at 140 success 0 -set-at 141 O 0 -set-at 141 success 0 -set-at 142 O 0 -set-at 142 success 0 -set-at 143 O 0 -set-at 143 success 0 -set-at 144 O 0 -set-at 144 success 0 -set-at 145 O 0 -set-at 145 success 0 -set-at 146 O 0 -set-at 146 success 0 -set-at 147 O 0 -set-at 147 success 0 -set-at 148 O 0 -set-at 148 success 0 -set-at 149 O 0 -set-at 149 success 0 -set-at 150 O 0 -set-at 150 success 0 -set-at 151 O 0 -set-at 151 success 0 -set-at 152 O 0 -set-at 152 success 0 -set-at 153 O 0 -set-at 153 success 0 -set-at 154 O 0 -set-at 154 success 0 -set-at 155 O 0 -set-at 155 success 0 -set-at 156 O 0 -set-at 156 success 0 -set-at 157 O 0 -set-at 157 success 0 -set-at 158 O 0 -set-at 158 success 0 -set-at 159 O 0 -set-at 159 success 0 -set-at 160 O 0 -set-at 160 success 0 -set-at 161 O 0 -set-at 161 success 0 -set-at 162 O 0 -set-at 162 success 0 -set-at 163 O 0 -set-at 163 success 0 -set-at 164 O 0 -set-at 164 success 0 -set-at 165 O 0 -set-at 165 success 0 -set-at 166 O 0 -set-at 166 success 0 -set-at 167 O 0 -set-at 167 success 0 -set-at 168 O 0 -set-at 168 success 0 -set-at 169 O 0 -set-at 169 success 0 -set-at 170 O 0 -set-at 170 success 0 -set-at 171 O 0 -set-at 171 success 0 -set-at 172 O 0 -set-at 172 success 0 -set-at 173 O 0 -set-at 173 success 0 -set-at 174 O 0 -set-at 174 success 0 -set-at 175 O 0 -set-at 175 success 0 -set-at 176 O 0 -set-at 176 success 0 -set-at 177 O 0 -set-at 177 success 0 -set-at 178 O 0 -set-at 178 success 0 -set-at 179 O 0 -set-at 179 success 0 -set-at 180 O 0 -set-at 180 success 0 -set-at 181 O 0 -set-at 181 success 0 -set-at 182 O 0 -set-at 182 success 0 -set-at 183 O 0 -set-at 183 success 0 -set-at 184 O 0 -set-at 184 success 0 -set-at 185 O 0 -set-at 185 success 0 -set-at 186 O 0 -set-at 186 success 0 -set-at 187 O 0 -set-at 187 success 0 -set-at 188 O 0 -set-at 188 success 0 -set-at 189 O 0 -set-at 189 success 0 -set-at 190 O 0 -set-at 190 success 0 -set-at 191 O 0 -set-at 191 success 0 -set-at 192 O 0 -set-at 192 success 0 -set-at 193 O 0 -set-at 193 success 0 -set-at 194 O 0 -set-at 194 success 0 -set-at 195 O 0 -set-at 195 success 0 -set-at 196 O 0 -set-at 196 success 0 -set-at 197 O 0 -set-at 197 success 0 -set-at 198 O 0 -set-at 198 success 0 -set-at 199 O 0 -set-at 199 success 0 -set-at 200 O 0 -set-at 200 success 0 -show I -show O -show success -dump_vcd "/home/hunlu/apexcompute/asic-puzzle-2026/output_search_results/model_2.vcd"' --

1. Executing Verilog-2005 frontend: /home/hunlu/apexcompute/asic-puzzle-2026/puzzle_compact.v
Parsing Verilog input from `/home/hunlu/apexcompute/asic-puzzle-2026/puzzle_compact.v' to AST representation.
Generating RTLIL representation for module `\puzzle'.
Successfully finished Verilog frontend.

2. Executing PREP pass.

2.1. Executing HIERARCHY pass (managing design hierarchy).

2.1.1. Analyzing design hierarchy..
Top module:  \puzzle

2.1.2. Analyzing design hierarchy..
Top module:  \puzzle
Removed 0 unused modules.

2.2. Executing PROC pass (convert processes to netlists).

2.2.1. Executing PROC_CLEAN pass (remove empty switches from decision trees).
Cleaned up 0 empty switches.

2.2.2. Executing PROC_RMDEAD pass (remove dead branches from decision trees).
Marked 1 switch rules as full_case in process $proc$/home/hunlu/apexcompute/asic-puzzle-2026/puzzle_compact.v:1263$1367 in module puzzle.
Marked 1 switch rules as full_case in process $proc$/home/hunlu/apexcompute/asic-puzzle-2026/puzzle_compact.v:1232$1312 in module puzzle.
Marked 1 switch rules as full_case in process $proc$/home/hunlu/apexcompute/asic-puzzle-2026/puzzle_compact.v:1204$1265 in module puzzle.
Marked 1 switch rules as full_case in process $proc$/home/hunlu/apexcompute/asic-puzzle-2026/puzzle_compact.v:1177$1221 in module puzzle.
Marked 1 switch rules as full_case in process $proc$/home/hunlu/apexcompute/asic-puzzle-2026/puzzle_compact.v:1147$1171 in module puzzle.
Marked 1 switch rules as full_case in process $proc$/home/hunlu/apexcompute/asic-puzzle-2026/puzzle_compact.v:1116$1116 in module puzzle.
Marked 1 switch rules as full_case in process $proc$/home/hunlu/apexcompute/asic-puzzle-2026/puzzle_compact.v:1088$1063 in module puzzle.
Marked 1 switch rules as full_case in process $proc$/home/hunlu/apexcompute/asic-puzzle-2026/puzzle_compact.v:1059$1014 in module puzzle.
Marked 1 switch rules as full_case in process $proc$/home/hunlu/apexcompute/asic-puzzle-2026/puzzle_compact.v:1049$1006 in module puzzle.
Marked 1 switch rules as full_case in process $proc$/home/hunlu/apexcompute/asic-puzzle-2026/puzzle_compact.v:1026$970 in module puzzle.
Marked 1 switch rules as full_case in process $proc$/home/hunlu/apexcompute/asic-puzzle-2026/puzzle_compact.v:1016$962 in module puzzle.
Marked 1 switch rules as full_case in process $proc$/home/hunlu/apexcompute/asic-puzzle-2026/puzzle_compact.v:996$934 in module puzzle.
Marked 1 switch rules as full_case in process $proc$/home/hunlu/apexcompute/asic-puzzle-2026/puzzle_compact.v:986$926 in module puzzle.
Marked 1 switch rules as full_case in process $proc$/home/hunlu/apexcompute/asic-puzzle-2026/puzzle_compact.v:972$910 in module puzzle.
Marked 1 switch rules as full_case in process $proc$/home/hunlu/apexcompute/asic-puzzle-2026/puzzle_compact.v:955$889 in module puzzle.
Marked 1 switch rules as full_case in process $proc$/home/hunlu/apexcompute/asic-puzzle-2026/puzzle_compact.v:942$876 in module puzzle.
Marked 1 switch rules as full_case in process $proc$/home/hunlu/apexcompute/asic-puzzle-2026/puzzle_compact.v:935$874 in module puzzle.
Marked 1 switch rules as full_case in process $proc$/home/hunlu/apexcompute/asic-puzzle-2026/puzzle_compact.v:916$850 in module puzzle.
Marked 1 switch rules as full_case in process $proc$/home/hunlu/apexcompute/asic-puzzle-2026/puzzle_compact.v:909$848 in module puzzle.
Marked 1 switch rules as full_case in process $proc$/home/hunlu/apexcompute/asic-puzzle-2026/puzzle_compact.v:902$846 in module puzzle.
Marked 1 switch rules as full_case in process $proc$/home/hunlu/apexcompute/asic-puzzle-2026/puzzle_compact.v:880$815 in module puzzle.
Marked 1 switch rules as full_case in process $proc$/home/hunlu/apexcompute/asic-puzzle-2026/puzzle_compact.v:873$813 in module puzzle.
Marked 1 switch rules as full_case in process $proc$/home/hunlu/apexcompute/asic-puzzle-2026/puzzle_compact.v:866$811 in module puzzle.
Marked 1 switch rules as full_case in process $proc$/home/hunlu/apexcompute/asic-puzzle-2026/puzzle_compact.v:859$809 in module puzzle.
Marked 1 switch rules as full_case in process $proc$/home/hunlu/apexcompute/asic-puzzle-2026/puzzle_compact.v:837$776 in module puzzle.
Marked 1 switch rules as full_case in process $proc$/home/hunlu/apexcompute/asic-puzzle-2026/puzzle_compact.v:830$774 in module puzzle.
Marked 1 switch rules as full_case in process $proc$/home/hunlu/apexcompute/asic-puzzle-2026/puzzle_compact.v:823$772 in module puzzle.
Marked 1 switch rules as full_case in process $proc$/home/hunlu/apexcompute/asic-puzzle-2026/puzzle_compact.v:816$770 in module puzzle.
Marked 1 switch rules as full_case in process $proc$/home/hunlu/apexcompute/asic-puzzle-2026/puzzle_compact.v:809$768 in module puzzle.
Marked 1 switch rules as full_case in process $proc$/home/hunlu/apexcompute/asic-puzzle-2026/puzzle_compact.v:781$727 in module puzzle.
Marked 1 switch rules as full_case in process $proc$/home/hunlu/apexcompute/asic-puzzle-2026/puzzle_compact.v:774$725 in module puzzle.
Marked 1 switch rules as full_case in process $proc$/home/hunlu/apexcompute/asic-puzzle-2026/puzzle_compact.v:767$723 in module puzzle.
Marked 1 switch rules as full_case in process $proc$/home/hunlu/apexcompute/asic-puzzle-2026/puzzle_compact.v:760$721 in module puzzle.
Marked 1 switch rules as full_case in process $proc$/home/hunlu/apexcompute/asic-puzzle-2026/puzzle_compact.v:753$719 in module puzzle.
Marked 1 switch rules as full_case in process $proc$/home/hunlu/apexcompute/asic-puzzle-2026/puzzle_compact.v:746$717 in module puzzle.
Marked 1 switch rules as full_case in process $proc$/home/hunlu/apexcompute/asic-puzzle-2026/puzzle_compact.v:715$671 in module puzzle.
Marked 1 switch rules as full_case in process $proc$/home/hunlu/apexcompute/asic-puzzle-2026/puzzle_compact.v:708$669 in module puzzle.
Marked 1 switch rules as full_case in process $proc$/home/hunlu/apexcompute/asic-puzzle-2026/puzzle_compact.v:701$667 in module puzzle.
Marked 1 switch rules as full_case in process $proc$/home/hunlu/apexcompute/asic-puzzle-2026/puzzle_compact.v:694$665 in module puzzle.
Marked 1 switch rules as full_case in process $proc$/home/hunlu/apexcompute/asic-puzzle-2026/puzzle_compact.v:687$663 in module puzzle.
Marked 1 switch rules as full_case in process $proc$/home/hunlu/apexcompute/asic-puzzle-2026/puzzle_compact.v:680$661 in module puzzle.
Marked 1 switch rules as full_case in process $proc$/home/hunlu/apexcompute/asic-puzzle-2026/puzzle_compact.v:673$659 in module puzzle.
Marked 1 switch rules as full_case in process $proc$/home/hunlu/apexcompute/asic-puzzle-2026/puzzle_compact.v:641$610 in module puzzle.
Marked 1 switch rules as full_case in process $proc$/home/hunlu/apexcompute/asic-puzzle-2026/puzzle_compact.v:634$608 in module puzzle.
Marked 1 switch rules as full_case in process $proc$/home/hunlu/apexcompute/asic-puzzle-2026/puzzle_compact.v:627$606 in module puzzle.
Marked 1 switch rules as full_case in process $proc$/home/hunlu/apexcompute/asic-puzzle-2026/puzzle_compact.v:620$604 in module puzzle.
Marked 1 switch rules as full_case in process $proc$/home/hunlu/apexcompute/asic-puzzle-2026/puzzle_compact.v:613$602 in module puzzle.
Marked 1 switch rules as full_case in process $proc$/home/hunlu/apexcompute/asic-puzzle-2026/puzzle_compact.v:606$600 in module puzzle.
Marked 1 switch rules as full_case in process $proc$/home/hunlu/apexcompute/asic-puzzle-2026/puzzle_compact.v:599$598 in module puzzle.
Marked 1 switch rules as full_case in process $proc$/home/hunlu/apexcompute/asic-puzzle-2026/puzzle_compact.v:569$548 in module puzzle.
Marked 1 switch rules as full_case in process $proc$/home/hunlu/apexcompute/asic-puzzle-2026/puzzle_compact.v:562$546 in module puzzle.
Marked 1 switch rules as full_case in process $proc$/home/hunlu/apexcompute/asic-puzzle-2026/puzzle_compact.v:555$544 in module puzzle.
Marked 1 switch rules as full_case in process $proc$/home/hunlu/apexcompute/asic-puzzle-2026/puzzle_compact.v:548$542 in module puzzle.
Marked 1 switch rules as full_case in process $proc$/home/hunlu/apexcompute/asic-puzzle-2026/puzzle_compact.v:541$540 in module puzzle.
Marked 1 switch rules as full_case in process $proc$/home/hunlu/apexcompute/asic-puzzle-2026/puzzle_compact.v:534$538 in module puzzle.
Marked 1 switch rules as full_case in process $proc$/home/hunlu/apexcompute/asic-puzzle-2026/puzzle_compact.v:527$536 in module puzzle.
Marked 1 switch rules as full_case in process $proc$/home/hunlu/apexcompute/asic-puzzle-2026/puzzle_compact.v:499$477 in module puzzle.
Marked 1 switch rules as full_case in process $proc$/home/hunlu/apexcompute/asic-puzzle-2026/puzzle_compact.v:492$475 in module puzzle.
Marked 1 switch rules as full_case in process $proc$/home/hunlu/apexcompute/asic-puzzle-2026/puzzle_compact.v:485$473 in module puzzle.
Marked 1 switch rules as full_case in process $proc$/home/hunlu/apexcompute/asic-puzzle-2026/puzzle_compact.v:478$471 in module puzzle.
Marked 1 switch rules as full_case in process $proc$/home/hunlu/apexcompute/asic-puzzle-2026/puzzle_compact.v:471$469 in module puzzle.
Marked 1 switch rules as full_case in process $proc$/home/hunlu/apexcompute/asic-puzzle-2026/puzzle_compact.v:464$467 in module puzzle.
Marked 1 switch rules as full_case in process $proc$/home/hunlu/apexcompute/asic-puzzle-2026/puzzle_compact.v:457$465 in module puzzle.
Marked 1 switch rules as full_case in process $proc$/home/hunlu/apexcompute/asic-puzzle-2026/puzzle_compact.v:433$419 in module puzzle.
Marked 1 switch rules as full_case in process $proc$/home/hunlu/apexcompute/asic-puzzle-2026/puzzle_compact.v:426$417 in module puzzle.
Marked 1 switch rules as full_case in process $proc$/home/hunlu/apexcompute/asic-puzzle-2026/puzzle_compact.v:419$415 in module puzzle.
Marked 1 switch rules as full_case in process $proc$/home/hunlu/apexcompute/asic-puzzle-2026/puzzle_compact.v:412$413 in module puzzle.
Marked 1 switch rules as full_case in process $proc$/home/hunlu/apexcompute/asic-puzzle-2026/puzzle_compact.v:405$411 in module puzzle.
Marked 1 switch rules as full_case in process $proc$/home/hunlu/apexcompute/asic-puzzle-2026/puzzle_compact.v:398$409 in module puzzle.
Marked 1 switch rules as full_case in process $proc$/home/hunlu/apexcompute/asic-puzzle-2026/puzzle_compact.v:375$365 in module puzzle.
Marked 1 switch rules as full_case in process $proc$/home/hunlu/apexcompute/asic-puzzle-2026/puzzle_compact.v:368$363 in module puzzle.
Marked 1 switch rules as full_case in process $proc$/home/hunlu/apexcompute/asic-puzzle-2026/puzzle_compact.v:361$361 in module puzzle.
Marked 1 switch rules as full_case in process $proc$/home/hunlu/apexcompute/asic-puzzle-2026/puzzle_compact.v:354$359 in module puzzle.
Marked 1 switch rules as full_case in process $proc$/home/hunlu/apexcompute/asic-puzzle-2026/puzzle_compact.v:347$357 in module puzzle.
Marked 1 switch rules as full_case in process $proc$/home/hunlu/apexcompute/asic-puzzle-2026/puzzle_compact.v:322$310 in module puzzle.
Marked 1 switch rules as full_case in process $proc$/home/hunlu/apexcompute/asic-puzzle-2026/puzzle_compact.v:315$308 in module puzzle.
Marked 1 switch rules as full_case in process $proc$/home/hunlu/apexcompute/asic-puzzle-2026/puzzle_compact.v:308$306 in module puzzle.
Marked 1 switch rules as full_case in process $proc$/home/hunlu/apexcompute/asic-puzzle-2026/puzzle_compact.v:301$304 in module puzzle.
Marked 1 switch rules as full_case in process $proc$/home/hunlu/apexcompute/asic-puzzle-2026/puzzle_compact.v:282$274 in module puzzle.
Marked 1 switch rules as full_case in process $proc$/home/hunlu/apexcompute/asic-puzzle-2026/puzzle_compact.v:275$272 in module puzzle.
Marked 1 switch rules as full_case in process $proc$/home/hunlu/apexcompute/asic-puzzle-2026/puzzle_compact.v:268$270 in module puzzle.
Marked 1 switch rules as full_case in process $proc$/home/hunlu/apexcompute/asic-puzzle-2026/puzzle_compact.v:261$268 in module puzzle.
Marked 1 switch rules as full_case in process $proc$/home/hunlu/apexcompute/asic-puzzle-2026/puzzle_compact.v:240$238 in module puzzle.
Marked 1 switch rules as full_case in process $proc$/home/hunlu/apexcompute/asic-puzzle-2026/puzzle_compact.v:233$236 in module puzzle.
Marked 1 switch rules as full_case in process $proc$/home/hunlu/apexcompute/asic-puzzle-2026/puzzle_compact.v:226$234 in module puzzle.
Marked 1 switch rules as full_case in process $proc$/home/hunlu/apexcompute/asic-puzzle-2026/puzzle_compact.v:205$201 in module puzzle.
Marked 1 switch rules as full_case in process $proc$/home/hunlu/apexcompute/asic-puzzle-2026/puzzle_compact.v:197$199 in module puzzle.
Marked 1 switch rules as full_case in process $proc$/home/hunlu/apexcompute/asic-puzzle-2026/puzzle_compact.v:176$166 in module puzzle.
Removed a total of 0 dead cases.

2.2.3. Executing PROC_PRUNE pass (remove redundant assignments in processes).
Removed 88 redundant assignments.
Promoted 4 assignments to connections.

2.2.4. Executing PROC_INIT pass (extract init attributes).

2.2.5. Executing PROC_ARST pass (detect async resets in processes).
Found async reset \rst_n in `\puzzle.$proc$/home/hunlu/apexcompute/asic-puzzle-2026/puzzle_compact.v:1263$1367'.
Found async reset \rst_n in `\puzzle.$proc$/home/hunlu/apexcompute/asic-puzzle-2026/puzzle_compact.v:1232$1312'.
Found async reset \rst_n in `\puzzle.$proc$/home/hunlu/apexcompute/asic-puzzle-2026/puzzle_compact.v:1204$1265'.
Found async reset \rst_n in `\puzzle.$proc$/home/hunlu/apexcompute/asic-puzzle-2026/puzzle_compact.v:1177$1221'.
Found async reset \rst_n in `\puzzle.$proc$/home/hunlu/apexcompute/asic-puzzle-2026/puzzle_compact.v:1147$1171'.
Found async reset \rst_n in `\puzzle.$proc$/home/hunlu/apexcompute/asic-puzzle-2026/puzzle_compact.v:1116$1116'.
Found async reset \rst_n in `\puzzle.$proc$/home/hunlu/apexcompute/asic-puzzle-2026/puzzle_compact.v:1088$1063'.
Found async reset \rst_n in `\puzzle.$proc$/home/hunlu/apexcompute/asic-puzzle-2026/puzzle_compact.v:1059$1014'.
Found async reset \rst_n in `\puzzle.$proc$/home/hunlu/apexcompute/asic-puzzle-2026/puzzle_compact.v:1049$1006'.
Found async reset \rst_n in `\puzzle.$proc$/home/hunlu/apexcompute/asic-puzzle-2026/puzzle_compact.v:1026$970'.
Found async reset \rst_n in `\puzzle.$proc$/home/hunlu/apexcompute/asic-puzzle-2026/puzzle_compact.v:1016$962'.
Found async reset \rst_n in `\puzzle.$proc$/home/hunlu/apexcompute/asic-puzzle-2026/puzzle_compact.v:996$934'.
Found async reset \rst_n in `\puzzle.$proc$/home/hunlu/apexcompute/asic-puzzle-2026/puzzle_compact.v:986$926'.
Found async reset \rst_n in `\puzzle.$proc$/home/hunlu/apexcompute/asic-puzzle-2026/puzzle_compact.v:972$910'.
Found async reset \rst_n in `\puzzle.$proc$/home/hunlu/apexcompute/asic-puzzle-2026/puzzle_compact.v:955$889'.
Found async reset \rst_n in `\puzzle.$proc$/home/hunlu/apexcompute/asic-puzzle-2026/puzzle_compact.v:942$876'.
Found async reset \rst_n in `\puzzle.$proc$/home/hunlu/apexcompute/asic-puzzle-2026/puzzle_compact.v:935$874'.
Found async reset \rst_n in `\puzzle.$proc$/home/hunlu/apexcompute/asic-puzzle-2026/puzzle_compact.v:916$850'.
Found async reset \rst_n in `\puzzle.$proc$/home/hunlu/apexcompute/asic-puzzle-2026/puzzle_compact.v:909$848'.
Found async reset \rst_n in `\puzzle.$proc$/home/hunlu/apexcompute/asic-puzzle-2026/puzzle_compact.v:902$846'.
Found async reset \rst_n in `\puzzle.$proc$/home/hunlu/apexcompute/asic-puzzle-2026/puzzle_compact.v:880$815'.
Found async reset \rst_n in `\puzzle.$proc$/home/hunlu/apexcompute/asic-puzzle-2026/puzzle_compact.v:873$813'.
Found async reset \rst_n in `\puzzle.$proc$/home/hunlu/apexcompute/asic-puzzle-2026/puzzle_compact.v:866$811'.
Found async reset \rst_n in `\puzzle.$proc$/home/hunlu/apexcompute/asic-puzzle-2026/puzzle_compact.v:859$809'.
Found async reset \rst_n in `\puzzle.$proc$/home/hunlu/apexcompute/asic-puzzle-2026/puzzle_compact.v:837$776'.
Found async reset \rst_n in `\puzzle.$proc$/home/hunlu/apexcompute/asic-puzzle-2026/puzzle_compact.v:830$774'.
Found async reset \rst_n in `\puzzle.$proc$/home/hunlu/apexcompute/asic-puzzle-2026/puzzle_compact.v:823$772'.
Found async reset \rst_n in `\puzzle.$proc$/home/hunlu/apexcompute/asic-puzzle-2026/puzzle_compact.v:816$770'.
Found async reset \rst_n in `\puzzle.$proc$/home/hunlu/apexcompute/asic-puzzle-2026/puzzle_compact.v:809$768'.
Found async reset \rst_n in `\puzzle.$proc$/home/hunlu/apexcompute/asic-puzzle-2026/puzzle_compact.v:781$727'.
Found async reset \rst_n in `\puzzle.$proc$/home/hunlu/apexcompute/asic-puzzle-2026/puzzle_compact.v:774$725'.
Found async reset \rst_n in `\puzzle.$proc$/home/hunlu/apexcompute/asic-puzzle-2026/puzzle_compact.v:767$723'.
Found async reset \rst_n in `\puzzle.$proc$/home/hunlu/apexcompute/asic-puzzle-2026/puzzle_compact.v:760$721'.
Found async reset \rst_n in `\puzzle.$proc$/home/hunlu/apexcompute/asic-puzzle-2026/puzzle_compact.v:753$719'.
Found async reset \rst_n in `\puzzle.$proc$/home/hunlu/apexcompute/asic-puzzle-2026/puzzle_compact.v:746$717'.
Found async reset \rst_n in `\puzzle.$proc$/home/hunlu/apexcompute/asic-puzzle-2026/puzzle_compact.v:715$671'.
Found async reset \rst_n in `\puzzle.$proc$/home/hunlu/apexcompute/asic-puzzle-2026/puzzle_compact.v:708$669'.
Found async reset \rst_n in `\puzzle.$proc$/home/hunlu/apexcompute/asic-puzzle-2026/puzzle_compact.v:701$667'.
Found async reset \rst_n in `\puzzle.$proc$/home/hunlu/apexcompute/asic-puzzle-2026/puzzle_compact.v:694$665'.
Found async reset \rst_n in `\puzzle.$proc$/home/hunlu/apexcompute/asic-puzzle-2026/puzzle_compact.v:687$663'.
Found async reset \rst_n in `\puzzle.$proc$/home/hunlu/apexcompute/asic-puzzle-2026/puzzle_compact.v:680$661'.
Found async reset \rst_n in `\puzzle.$proc$/home/hunlu/apexcompute/asic-puzzle-2026/puzzle_compact.v:673$659'.
Found async reset \rst_n in `\puzzle.$proc$/home/hunlu/apexcompute/asic-puzzle-2026/puzzle_compact.v:641$610'.
Found async reset \rst_n in `\puzzle.$proc$/home/hunlu/apexcompute/asic-puzzle-2026/puzzle_compact.v:634$608'.
Found async reset \rst_n in `\puzzle.$proc$/home/hunlu/apexcompute/asic-puzzle-2026/puzzle_compact.v:627$606'.
Found async reset \rst_n in `\puzzle.$proc$/home/hunlu/apexcompute/asic-puzzle-2026/puzzle_compact.v:620$604'.
Found async reset \rst_n in `\puzzle.$proc$/home/hunlu/apexcompute/asic-puzzle-2026/puzzle_compact.v:613$602'.
Found async reset \rst_n in `\puzzle.$proc$/home/hunlu/apexcompute/asic-puzzle-2026/puzzle_compact.v:606$600'.
Found async reset \rst_n in `\puzzle.$proc$/home/hunlu/apexcompute/asic-puzzle-2026/puzzle_compact.v:599$598'.
Found async reset \rst_n in `\puzzle.$proc$/home/hunlu/apexcompute/asic-puzzle-2026/puzzle_compact.v:569$548'.
Found async reset \rst_n in `\puzzle.$proc$/home/hunlu/apexcompute/asic-puzzle-2026/puzzle_compact.v:562$546'.
Found async reset \rst_n in `\puzzle.$proc$/home/hunlu/apexcompute/asic-puzzle-2026/puzzle_compact.v:555$544'.
Found async reset \rst_n in `\puzzle.$proc$/home/hunlu/apexcompute/asic-puzzle-2026/puzzle_compact.v:548$542'.
Found async reset \rst_n in `\puzzle.$proc$/home/hunlu/apexcompute/asic-puzzle-2026/puzzle_compact.v:541$540'.
Found async reset \rst_n in `\puzzle.$proc$/home/hunlu/apexcompute/asic-puzzle-2026/puzzle_compact.v:534$538'.
Found async reset \rst_n in `\puzzle.$proc$/home/hunlu/apexcompute/asic-puzzle-2026/puzzle_compact.v:527$536'.
Found async reset \rst_n in `\puzzle.$proc$/home/hunlu/apexcompute/asic-puzzle-2026/puzzle_compact.v:499$477'.
Found async reset \rst_n in `\puzzle.$proc$/home/hunlu/apexcompute/asic-puzzle-2026/puzzle_compact.v:492$475'.
Found async reset \rst_n in `\puzzle.$proc$/home/hunlu/apexcompute/asic-puzzle-2026/puzzle_compact.v:485$473'.
Found async reset \rst_n in `\puzzle.$proc$/home/hunlu/apexcompute/asic-puzzle-2026/puzzle_compact.v:478$471'.
Found async reset \rst_n in `\puzzle.$proc$/home/hunlu/apexcompute/asic-puzzle-2026/puzzle_compact.v:471$469'.
Found async reset \rst_n in `\puzzle.$proc$/home/hunlu/apexcompute/asic-puzzle-2026/puzzle_compact.v:464$467'.
Found async reset \rst_n in `\puzzle.$proc$/home/hunlu/apexcompute/asic-puzzle-2026/puzzle_compact.v:457$465'.
Found async reset \rst_n in `\puzzle.$proc$/home/hunlu/apexcompute/asic-puzzle-2026/puzzle_compact.v:433$419'.
Found async reset \rst_n in `\puzzle.$proc$/home/hunlu/apexcompute/asic-puzzle-2026/puzzle_compact.v:426$417'.
Found async reset \rst_n in `\puzzle.$proc$/home/hunlu/apexcompute/asic-puzzle-2026/puzzle_compact.v:419$415'.
Found async reset \rst_n in `\puzzle.$proc$/home/hunlu/apexcompute/asic-puzzle-2026/puzzle_compact.v:412$413'.
Found async reset \rst_n in `\puzzle.$proc$/home/hunlu/apexcompute/asic-puzzle-2026/puzzle_compact.v:405$411'.
Found async reset \rst_n in `\puzzle.$proc$/home/hunlu/apexcompute/asic-puzzle-2026/puzzle_compact.v:398$409'.
Found async reset \rst_n in `\puzzle.$proc$/home/hunlu/apexcompute/asic-puzzle-2026/puzzle_compact.v:375$365'.
Found async reset \rst_n in `\puzzle.$proc$/home/hunlu/apexcompute/asic-puzzle-2026/puzzle_compact.v:368$363'.
Found async reset \rst_n in `\puzzle.$proc$/home/hunlu/apexcompute/asic-puzzle-2026/puzzle_compact.v:361$361'.
Found async reset \rst_n in `\puzzle.$proc$/home/hunlu/apexcompute/asic-puzzle-2026/puzzle_compact.v:354$359'.
Found async reset \rst_n in `\puzzle.$proc$/home/hunlu/apexcompute/asic-puzzle-2026/puzzle_compact.v:347$357'.
Found async reset \rst_n in `\puzzle.$proc$/home/hunlu/apexcompute/asic-puzzle-2026/puzzle_compact.v:322$310'.
Found async reset \rst_n in `\puzzle.$proc$/home/hunlu/apexcompute/asic-puzzle-2026/puzzle_compact.v:315$308'.
Found async reset \rst_n in `\puzzle.$proc$/home/hunlu/apexcompute/asic-puzzle-2026/puzzle_compact.v:308$306'.
Found async reset \rst_n in `\puzzle.$proc$/home/hunlu/apexcompute/asic-puzzle-2026/puzzle_compact.v:301$304'.
Found async reset \rst_n in `\puzzle.$proc$/home/hunlu/apexcompute/asic-puzzle-2026/puzzle_compact.v:282$274'.
Found async reset \rst_n in `\puzzle.$proc$/home/hunlu/apexcompute/asic-puzzle-2026/puzzle_compact.v:275$272'.
Found async reset \rst_n in `\puzzle.$proc$/home/hunlu/apexcompute/asic-puzzle-2026/puzzle_compact.v:268$270'.
Found async reset \rst_n in `\puzzle.$proc$/home/hunlu/apexcompute/asic-puzzle-2026/puzzle_compact.v:261$268'.
Found async reset \rst_n in `\puzzle.$proc$/home/hunlu/apexcompute/asic-puzzle-2026/puzzle_compact.v:240$238'.
Found async reset \rst_n in `\puzzle.$proc$/home/hunlu/apexcompute/asic-puzzle-2026/puzzle_compact.v:233$236'.
Found async reset \rst_n in `\puzzle.$proc$/home/hunlu/apexcompute/asic-puzzle-2026/puzzle_compact.v:226$234'.
Found async reset \rst_n in `\puzzle.$proc$/home/hunlu/apexcompute/asic-puzzle-2026/puzzle_compact.v:205$201'.
Found async reset \rst_n in `\puzzle.$proc$/home/hunlu/apexcompute/asic-puzzle-2026/puzzle_compact.v:197$199'.
Found async reset \rst_n in `\puzzle.$proc$/home/hunlu/apexcompute/asic-puzzle-2026/puzzle_compact.v:176$166'.

2.2.6. Executing PROC_ROM pass (convert switches to ROMs).
Converted 0 switches.

2.2.7. Executing PROC_MUX pass (convert decision trees to multiplexers).
Creating decoders for process `\puzzle.$proc$/home/hunlu/apexcompute/asic-puzzle-2026/puzzle_compact.v:1263$1367'.
     1/1: $0\n586_reg[0:0]
Creating decoders for process `\puzzle.$proc$/home/hunlu/apexcompute/asic-puzzle-2026/puzzle_compact.v:1232$1312'.
     1/1: $0\n696_reg[0:0]
Creating decoders for process `\puzzle.$proc$/home/hunlu/apexcompute/asic-puzzle-2026/puzzle_compact.v:1204$1265'.
     1/1: $0\n566_reg[0:0]
Creating decoders for process `\puzzle.$proc$/home/hunlu/apexcompute/asic-puzzle-2026/puzzle_compact.v:1177$1221'.
     1/1: $0\n12_reg[0:0]
Creating decoders for process `\puzzle.$proc$/home/hunlu/apexcompute/asic-puzzle-2026/puzzle_compact.v:1147$1171'.
     1/1: $0\n82_reg[0:0]
Creating decoders for process `\puzzle.$proc$/home/hunlu/apexcompute/asic-puzzle-2026/puzzle_compact.v:1116$1116'.
     1/1: $0\n404_reg[0:0]
Creating decoders for process `\puzzle.$proc$/home/hunlu/apexcompute/asic-puzzle-2026/puzzle_compact.v:1088$1063'.
     1/1: $0\n352_reg[0:0]
Creating decoders for process `\puzzle.$proc$/home/hunlu/apexcompute/asic-puzzle-2026/puzzle_compact.v:1059$1014'.
     1/1: $0\n278_reg[0:0]
Creating decoders for process `\puzzle.$proc$/home/hunlu/apexcompute/asic-puzzle-2026/puzzle_compact.v:1049$1006'.
     1/1: $0\n267_reg[0:0]
Creating decoders for process `\puzzle.$proc$/home/hunlu/apexcompute/asic-puzzle-2026/puzzle_compact.v:1026$970'.
     1/1: $0\n540_reg[0:0]
Creating decoders for process `\puzzle.$proc$/home/hunlu/apexcompute/asic-puzzle-2026/puzzle_compact.v:1016$962'.
     1/1: $0\n169_reg[0:0]
Creating decoders for process `\puzzle.$proc$/home/hunlu/apexcompute/asic-puzzle-2026/puzzle_compact.v:996$934'.
     1/1: $0\n638_reg[0:0]
Creating decoders for process `\puzzle.$proc$/home/hunlu/apexcompute/asic-puzzle-2026/puzzle_compact.v:986$926'.
     1/1: $0\n38_reg[0:0]
Creating decoders for process `\puzzle.$proc$/home/hunlu/apexcompute/asic-puzzle-2026/puzzle_compact.v:972$910'.
     1/1: $0\n222_reg[0:0]
Creating decoders for process `\puzzle.$proc$/home/hunlu/apexcompute/asic-puzzle-2026/puzzle_compact.v:955$889'.
     1/1: $0\n41_reg[0:0]
Creating decoders for process `\puzzle.$proc$/home/hunlu/apexcompute/asic-puzzle-2026/puzzle_compact.v:942$876'.
     1/1: $0\n176_reg[0:0]
Creating decoders for process `\puzzle.$proc$/home/hunlu/apexcompute/asic-puzzle-2026/puzzle_compact.v:935$874'.
     1/1: $0\n113_reg[0:0]
Creating decoders for process `\puzzle.$proc$/home/hunlu/apexcompute/asic-puzzle-2026/puzzle_compact.v:916$850'.
     1/1: $0\n615_reg[0:0]
Creating decoders for process `\puzzle.$proc$/home/hunlu/apexcompute/asic-puzzle-2026/puzzle_compact.v:909$848'.
     1/1: $0\n114_reg[0:0]
Creating decoders for process `\puzzle.$proc$/home/hunlu/apexcompute/asic-puzzle-2026/puzzle_compact.v:902$846'.
     1/1: $0\n612_reg[0:0]
Creating decoders for process `\puzzle.$proc$/home/hunlu/apexcompute/asic-puzzle-2026/puzzle_compact.v:880$815'.
     1/1: $0\n601_reg[0:0]
Creating decoders for process `\puzzle.$proc$/home/hunlu/apexcompute/asic-puzzle-2026/puzzle_compact.v:873$813'.
     1/1: $0\n599_reg[0:0]
Creating decoders for process `\puzzle.$proc$/home/hunlu/apexcompute/asic-puzzle-2026/puzzle_compact.v:866$811'.
     1/1: $0\n101_reg[0:0]
Creating decoders for process `\puzzle.$proc$/home/hunlu/apexcompute/asic-puzzle-2026/puzzle_compact.v:859$809'.
     1/1: $0\n108_reg[0:0]
Creating decoders for process `\puzzle.$proc$/home/hunlu/apexcompute/asic-puzzle-2026/puzzle_compact.v:837$776'.
     1/1: $0\n347_reg[0:0]
Creating decoders for process `\puzzle.$proc$/home/hunlu/apexcompute/asic-puzzle-2026/puzzle_compact.v:830$774'.
     1/1: $0\n487_reg[0:0]
Creating decoders for process `\puzzle.$proc$/home/hunlu/apexcompute/asic-puzzle-2026/puzzle_compact.v:823$772'.
     1/1: $0\n550_reg[0:0]
Creating decoders for process `\puzzle.$proc$/home/hunlu/apexcompute/asic-puzzle-2026/puzzle_compact.v:816$770'.
     1/1: $0\n203_reg[0:0]
Creating decoders for process `\puzzle.$proc$/home/hunlu/apexcompute/asic-puzzle-2026/puzzle_compact.v:809$768'.
     1/1: $0\n136_reg[0:0]
Creating decoders for process `\puzzle.$proc$/home/hunlu/apexcompute/asic-puzzle-2026/puzzle_compact.v:804$764'.
Creating decoders for process `\puzzle.$proc$/home/hunlu/apexcompute/asic-puzzle-2026/puzzle_compact.v:781$727'.
     1/1: $0\n459_reg[0:0]
Creating decoders for process `\puzzle.$proc$/home/hunlu/apexcompute/asic-puzzle-2026/puzzle_compact.v:774$725'.
     1/1: $0\n480_reg[0:0]
Creating decoders for process `\puzzle.$proc$/home/hunlu/apexcompute/asic-puzzle-2026/puzzle_compact.v:767$723'.
     1/1: $0\n447_reg[0:0]
Creating decoders for process `\puzzle.$proc$/home/hunlu/apexcompute/asic-puzzle-2026/puzzle_compact.v:760$721'.
     1/1: $0\n231_reg[0:0]
Creating decoders for process `\puzzle.$proc$/home/hunlu/apexcompute/asic-puzzle-2026/puzzle_compact.v:753$719'.
     1/1: $0\n261_reg[0:0]
Creating decoders for process `\puzzle.$proc$/home/hunlu/apexcompute/asic-puzzle-2026/puzzle_compact.v:746$717'.
     1/1: $0\n140_reg[0:0]
Creating decoders for process `\puzzle.$proc$/home/hunlu/apexcompute/asic-puzzle-2026/puzzle_compact.v:741$713'.
Creating decoders for process `\puzzle.$proc$/home/hunlu/apexcompute/asic-puzzle-2026/puzzle_compact.v:715$671'.
     1/1: $0\n532_reg[0:0]
Creating decoders for process `\puzzle.$proc$/home/hunlu/apexcompute/asic-puzzle-2026/puzzle_compact.v:708$669'.
     1/1: $0\n63_reg[0:0]
Creating decoders for process `\puzzle.$proc$/home/hunlu/apexcompute/asic-puzzle-2026/puzzle_compact.v:701$667'.
     1/1: $0\n530_reg[0:0]
Creating decoders for process `\puzzle.$proc$/home/hunlu/apexcompute/asic-puzzle-2026/puzzle_compact.v:694$665'.
     1/1: $0\n521_reg[0:0]
Creating decoders for process `\puzzle.$proc$/home/hunlu/apexcompute/asic-puzzle-2026/puzzle_compact.v:687$663'.
     1/1: $0\n526_reg[0:0]
Creating decoders for process `\puzzle.$proc$/home/hunlu/apexcompute/asic-puzzle-2026/puzzle_compact.v:680$661'.
     1/1: $0\n309_reg[0:0]
Creating decoders for process `\puzzle.$proc$/home/hunlu/apexcompute/asic-puzzle-2026/puzzle_compact.v:673$659'.
     1/1: $0\n142_reg[0:0]
Creating decoders for process `\puzzle.$proc$/home/hunlu/apexcompute/asic-puzzle-2026/puzzle_compact.v:668$655'.
Creating decoders for process `\puzzle.$proc$/home/hunlu/apexcompute/asic-puzzle-2026/puzzle_compact.v:641$610'.
     1/1: $0\n493_reg[0:0]
Creating decoders for process `\puzzle.$proc$/home/hunlu/apexcompute/asic-puzzle-2026/puzzle_compact.v:634$608'.
     1/1: $0\n62_reg[0:0]
Creating decoders for process `\puzzle.$proc$/home/hunlu/apexcompute/asic-puzzle-2026/puzzle_compact.v:627$606'.
     1/1: $0\n19_reg[0:0]
Creating decoders for process `\puzzle.$proc$/home/hunlu/apexcompute/asic-puzzle-2026/puzzle_compact.v:620$604'.
     1/1: $0\n490_reg[0:0]
Creating decoders for process `\puzzle.$proc$/home/hunlu/apexcompute/asic-puzzle-2026/puzzle_compact.v:613$602'.
     1/1: $0\n212_reg[0:0]
Creating decoders for process `\puzzle.$proc$/home/hunlu/apexcompute/asic-puzzle-2026/puzzle_compact.v:606$600'.
     1/1: $0\n81_reg[0:0]
Creating decoders for process `\puzzle.$proc$/home/hunlu/apexcompute/asic-puzzle-2026/puzzle_compact.v:599$598'.
     1/1: $0\n218_reg[0:0]
Creating decoders for process `\puzzle.$proc$/home/hunlu/apexcompute/asic-puzzle-2026/puzzle_compact.v:594$594'.
Creating decoders for process `\puzzle.$proc$/home/hunlu/apexcompute/asic-puzzle-2026/puzzle_compact.v:569$548'.
     1/1: $0\n66_reg[0:0]
Creating decoders for process `\puzzle.$proc$/home/hunlu/apexcompute/asic-puzzle-2026/puzzle_compact.v:562$546'.
     1/1: $0\n448_reg[0:0]
Creating decoders for process `\puzzle.$proc$/home/hunlu/apexcompute/asic-puzzle-2026/puzzle_compact.v:555$544'.
     1/1: $0\n453_reg[0:0]
Creating decoders for process `\puzzle.$proc$/home/hunlu/apexcompute/asic-puzzle-2026/puzzle_compact.v:548$542'.
     1/1: $0\n451_reg[0:0]
Creating decoders for process `\puzzle.$proc$/home/hunlu/apexcompute/asic-puzzle-2026/puzzle_compact.v:541$540'.
     1/1: $0\n449_reg[0:0]
Creating decoders for process `\puzzle.$proc$/home/hunlu/apexcompute/asic-puzzle-2026/puzzle_compact.v:534$538'.
     1/1: $0\n11_reg[0:0]
Creating decoders for process `\puzzle.$proc$/home/hunlu/apexcompute/asic-puzzle-2026/puzzle_compact.v:527$536'.
     1/1: $0\n217_reg[0:0]
Creating decoders for process `\puzzle.$proc$/home/hunlu/apexcompute/asic-puzzle-2026/puzzle_compact.v:499$477'.
     1/1: $0\n417_reg[0:0]
Creating decoders for process `\puzzle.$proc$/home/hunlu/apexcompute/asic-puzzle-2026/puzzle_compact.v:492$475'.
     1/1: $0\n415_reg[0:0]
Creating decoders for process `\puzzle.$proc$/home/hunlu/apexcompute/asic-puzzle-2026/puzzle_compact.v:485$473'.
     1/1: $0\n413_reg[0:0]
Creating decoders for process `\puzzle.$proc$/home/hunlu/apexcompute/asic-puzzle-2026/puzzle_compact.v:478$471'.
     1/1: $0\n240_reg[0:0]
Creating decoders for process `\puzzle.$proc$/home/hunlu/apexcompute/asic-puzzle-2026/puzzle_compact.v:471$469'.
     1/1: $0\n65_reg[0:0]
Creating decoders for process `\puzzle.$proc$/home/hunlu/apexcompute/asic-puzzle-2026/puzzle_compact.v:464$467'.
     1/1: $0\n33_reg[0:0]
Creating decoders for process `\puzzle.$proc$/home/hunlu/apexcompute/asic-puzzle-2026/puzzle_compact.v:457$465'.
     1/1: $0\n366_reg[0:0]
Creating decoders for process `\puzzle.$proc$/home/hunlu/apexcompute/asic-puzzle-2026/puzzle_compact.v:433$419'.
     1/1: $0\n388_reg[0:0]
Creating decoders for process `\puzzle.$proc$/home/hunlu/apexcompute/asic-puzzle-2026/puzzle_compact.v:426$417'.
     1/1: $0\n386_reg[0:0]
Creating decoders for process `\puzzle.$proc$/home/hunlu/apexcompute/asic-puzzle-2026/puzzle_compact.v:419$415'.
     1/1: $0\n383_reg[0:0]
Creating decoders for process `\puzzle.$proc$/home/hunlu/apexcompute/asic-puzzle-2026/puzzle_compact.v:412$413'.
     1/1: $0\n381_reg[0:0]
Creating decoders for process `\puzzle.$proc$/home/hunlu/apexcompute/asic-puzzle-2026/puzzle_compact.v:405$411'.
     1/1: $0\n379_reg[0:0]
Creating decoders for process `\puzzle.$proc$/home/hunlu/apexcompute/asic-puzzle-2026/puzzle_compact.v:398$409'.
     1/1: $0\n35_reg[0:0]
Creating decoders for process `\puzzle.$proc$/home/hunlu/apexcompute/asic-puzzle-2026/puzzle_compact.v:375$365'.
     1/1: $0\n345_reg[0:0]
Creating decoders for process `\puzzle.$proc$/home/hunlu/apexcompute/asic-puzzle-2026/puzzle_compact.v:368$363'.
     1/1: $0\n27_reg[0:0]
Creating decoders for process `\puzzle.$proc$/home/hunlu/apexcompute/asic-puzzle-2026/puzzle_compact.v:361$361'.
     1/1: $0\n342_reg[0:0]
Creating decoders for process `\puzzle.$proc$/home/hunlu/apexcompute/asic-puzzle-2026/puzzle_compact.v:354$359'.
     1/1: $0\n211_reg[0:0]
Creating decoders for process `\puzzle.$proc$/home/hunlu/apexcompute/asic-puzzle-2026/puzzle_compact.v:347$357'.
     1/1: $0\n338_reg[0:0]
Creating decoders for process `\puzzle.$proc$/home/hunlu/apexcompute/asic-puzzle-2026/puzzle_compact.v:322$310'.
     1/1: $0\n302_reg[0:0]
Creating decoders for process `\puzzle.$proc$/home/hunlu/apexcompute/asic-puzzle-2026/puzzle_compact.v:315$308'.
     1/1: $0\n99_reg[0:0]
Creating decoders for process `\puzzle.$proc$/home/hunlu/apexcompute/asic-puzzle-2026/puzzle_compact.v:308$306'.
     1/1: $0\n241_reg[0:0]
Creating decoders for process `\puzzle.$proc$/home/hunlu/apexcompute/asic-puzzle-2026/puzzle_compact.v:301$304'.
     1/1: $0\n299_reg[0:0]
Creating decoders for process `\puzzle.$proc$/home/hunlu/apexcompute/asic-puzzle-2026/puzzle_compact.v:282$274'.
     1/1: $0\n275_reg[0:0]
Creating decoders for process `\puzzle.$proc$/home/hunlu/apexcompute/asic-puzzle-2026/puzzle_compact.v:275$272'.
     1/1: $0\n23_reg[0:0]
Creating decoders for process `\puzzle.$proc$/home/hunlu/apexcompute/asic-puzzle-2026/puzzle_compact.v:268$270'.
     1/1: $0\n204_reg[0:0]
Creating decoders for process `\puzzle.$proc$/home/hunlu/apexcompute/asic-puzzle-2026/puzzle_compact.v:261$268'.
     1/1: $0\n271_reg[0:0]
Creating decoders for process `\puzzle.$proc$/home/hunlu/apexcompute/asic-puzzle-2026/puzzle_compact.v:240$238'.
     1/1: $0\n134_reg[0:0]
Creating decoders for process `\puzzle.$proc$/home/hunlu/apexcompute/asic-puzzle-2026/puzzle_compact.v:233$236'.
     1/1: $0\n116_reg[0:0]
Creating decoders for process `\puzzle.$proc$/home/hunlu/apexcompute/asic-puzzle-2026/puzzle_compact.v:226$234'.
     1/1: $0\n91_reg[0:0]
Creating decoders for process `\puzzle.$proc$/home/hunlu/apexcompute/asic-puzzle-2026/puzzle_compact.v:205$201'.
     1/1: $0\success_reg[0:0]
Creating decoders for process `\puzzle.$proc$/home/hunlu/apexcompute/asic-puzzle-2026/puzzle_compact.v:197$199'.
     1/1: $0\n206_reg[0:0]
Creating decoders for process `\puzzle.$proc$/home/hunlu/apexcompute/asic-puzzle-2026/puzzle_compact.v:176$166'.
     1/1: $0\n173_reg[0:0]

2.2.8. Executing PROC_DLATCH pass (convert process syncs to latches).

2.2.9. Executing PROC_DFF pass (convert process syncs to FFs).
Creating register for signal `\puzzle.\n586_reg' using process `\puzzle.$proc$/home/hunlu/apexcompute/asic-puzzle-2026/puzzle_compact.v:1263$1367'.
  created $adff cell `$procdff$1658' with positive edge clock and positive level reset.
Creating register for signal `\puzzle.\n696_reg' using process `\puzzle.$proc$/home/hunlu/apexcompute/asic-puzzle-2026/puzzle_compact.v:1232$1312'.
  created $adff cell `$procdff$1663' with positive edge clock and positive level reset.
Creating register for signal `\puzzle.\n566_reg' using process `\puzzle.$proc$/home/hunlu/apexcompute/asic-puzzle-2026/puzzle_compact.v:1204$1265'.
  created $adff cell `$procdff$1668' with positive edge clock and positive level reset.
Creating register for signal `\puzzle.\n12_reg' using process `\puzzle.$proc$/home/hunlu/apexcompute/asic-puzzle-2026/puzzle_compact.v:1177$1221'.
  created $adff cell `$procdff$1673' with positive edge clock and positive level reset.
Creating register for signal `\puzzle.\n82_reg' using process `\puzzle.$proc$/home/hunlu/apexcompute/asic-puzzle-2026/puzzle_compact.v:1147$1171'.
  created $adff cell `$procdff$1678' with positive edge clock and positive level reset.
Creating register for signal `\puzzle.\n404_reg' using process `\puzzle.$proc$/home/hunlu/apexcompute/asic-puzzle-2026/puzzle_compact.v:1116$1116'.
  created $adff cell `$procdff$1683' with positive edge clock and positive level reset.
Creating register for signal `\puzzle.\n352_reg' using process `\puzzle.$proc$/home/hunlu/apexcompute/asic-puzzle-2026/puzzle_compact.v:1088$1063'.
  created $adff cell `$procdff$1688' with positive edge clock and positive level reset.
Creating register for signal `\puzzle.\n278_reg' using process `\puzzle.$proc$/home/hunlu/apexcompute/asic-puzzle-2026/puzzle_compact.v:1059$1014'.
  created $adff cell `$procdff$1693' with positive edge clock and positive level reset.
Creating register for signal `\puzzle.\n267_reg' using process `\puzzle.$proc$/home/hunlu/apexcompute/asic-puzzle-2026/puzzle_compact.v:1049$1006'.
  created $adff cell `$procdff$1698' with positive edge clock and positive level reset.
Creating register for signal `\puzzle.\n540_reg' using process `\puzzle.$proc$/home/hunlu/apexcompute/asic-puzzle-2026/puzzle_compact.v:1026$970'.
  created $adff cell `$procdff$1703' with positive edge clock and positive level reset.
Creating register for signal `\puzzle.\n169_reg' using process `\puzzle.$proc$/home/hunlu/apexcompute/asic-puzzle-2026/puzzle_compact.v:1016$962'.
  created $adff cell `$procdff$1708' with positive edge clock and positive level reset.
Creating register for signal `\puzzle.\n638_reg' using process `\puzzle.$proc$/home/hunlu/apexcompute/asic-puzzle-2026/puzzle_compact.v:996$934'.
  created $adff cell `$procdff$1713' with positive edge clock and positive level reset.
Creating register for signal `\puzzle.\n38_reg' using process `\puzzle.$proc$/home/hunlu/apexcompute/asic-puzzle-2026/puzzle_compact.v:986$926'.
  created $adff cell `$procdff$1718' with positive edge clock and positive level reset.
Creating register for signal `\puzzle.\n222_reg' using process `\puzzle.$proc$/home/hunlu/apexcompute/asic-puzzle-2026/puzzle_compact.v:972$910'.
  created $adff cell `$procdff$1723' with positive edge clock and positive level reset.
Creating register for signal `\puzzle.\n41_reg' using process `\puzzle.$proc$/home/hunlu/apexcompute/asic-puzzle-2026/puzzle_compact.v:955$889'.
  created $adff cell `$procdff$1728' with positive edge clock and positive level reset.
Creating register for signal `\puzzle.\n176_reg' using process `\puzzle.$proc$/home/hunlu/apexcompute/asic-puzzle-2026/puzzle_compact.v:942$876'.
  created $adff cell `$procdff$1733' with positive edge clock and positive level reset.
Creating register for signal `\puzzle.\n113_reg' using process `\puzzle.$proc$/home/hunlu/apexcompute/asic-puzzle-2026/puzzle_compact.v:935$874'.
  created $adff cell `$procdff$1738' with positive edge clock and positive level reset.
Creating register for signal `\puzzle.\n615_reg' using process `\puzzle.$proc$/home/hunlu/apexcompute/asic-puzzle-2026/puzzle_compact.v:916$850'.
  created $adff cell `$procdff$1743' with positive edge clock and positive level reset.
Creating register for signal `\puzzle.\n114_reg' using process `\puzzle.$proc$/home/hunlu/apexcompute/asic-puzzle-2026/puzzle_compact.v:909$848'.
  created $adff cell `$procdff$1748' with positive edge clock and positive level reset.
Creating register for signal `\puzzle.\n612_reg' using process `\puzzle.$proc$/home/hunlu/apexcompute/asic-puzzle-2026/puzzle_compact.v:902$846'.
  created $adff cell `$procdff$1753' with positive edge clock and positive level reset.
Creating register for signal `\puzzle.\n601_reg' using process `\puzzle.$proc$/home/hunlu/apexcompute/asic-puzzle-2026/puzzle_compact.v:880$815'.
  created $adff cell `$procdff$1758' with positive edge clock and positive level reset.
Creating register for signal `\puzzle.\n599_reg' using process `\puzzle.$proc$/home/hunlu/apexcompute/asic-puzzle-2026/puzzle_compact.v:873$813'.
  created $adff cell `$procdff$1763' with positive edge clock and positive level reset.
Creating register for signal `\puzzle.\n101_reg' using process `\puzzle.$proc$/home/hunlu/apexcompute/asic-puzzle-2026/puzzle_compact.v:866$811'.
  created $adff cell `$procdff$1768' with positive edge clock and positive level reset.
Creating register for signal `\puzzle.\n108_reg' using process `\puzzle.$proc$/home/hunlu/apexcompute/asic-puzzle-2026/puzzle_compact.v:859$809'.
  created $adff cell `$procdff$1773' with positive edge clock and positive level reset.
Creating register for signal `\puzzle.\n347_reg' using process `\puzzle.$proc$/home/hunlu/apexcompute/asic-puzzle-2026/puzzle_compact.v:837$776'.
  created $adff cell `$procdff$1778' with positive edge clock and positive level reset.
Creating register for signal `\puzzle.\n487_reg' using process `\puzzle.$proc$/home/hunlu/apexcompute/asic-puzzle-2026/puzzle_compact.v:830$774'.
  created $adff cell `$procdff$1783' with positive edge clock and positive level reset.
Creating register for signal `\puzzle.\n550_reg' using process `\puzzle.$proc$/home/hunlu/apexcompute/asic-puzzle-2026/puzzle_compact.v:823$772'.
  created $adff cell `$procdff$1788' with positive edge clock and positive level reset.
Creating register for signal `\puzzle.\n203_reg' using process `\puzzle.$proc$/home/hunlu/apexcompute/asic-puzzle-2026/puzzle_compact.v:816$770'.
  created $adff cell `$procdff$1793' with positive edge clock and positive level reset.
Creating register for signal `\puzzle.\n136_reg' using process `\puzzle.$proc$/home/hunlu/apexcompute/asic-puzzle-2026/puzzle_compact.v:809$768'.
  created $adff cell `$procdff$1798' with positive edge clock and positive level reset.
Creating register for signal `\puzzle.\n8_reg' using process `\puzzle.$proc$/home/hunlu/apexcompute/asic-puzzle-2026/puzzle_compact.v:804$764'.
  created $dff cell `$procdff$1799' with positive edge clock.
Creating register for signal `\puzzle.\n459_reg' using process `\puzzle.$proc$/home/hunlu/apexcompute/asic-puzzle-2026/puzzle_compact.v:781$727'.
  created $adff cell `$procdff$1804' with positive edge clock and positive level reset.
Creating register for signal `\puzzle.\n480_reg' using process `\puzzle.$proc$/home/hunlu/apexcompute/asic-puzzle-2026/puzzle_compact.v:774$725'.
  created $adff cell `$procdff$1809' with positive edge clock and positive level reset.
Creating register for signal `\puzzle.\n447_reg' using process `\puzzle.$proc$/home/hunlu/apexcompute/asic-puzzle-2026/puzzle_compact.v:767$723'.
  created $adff cell `$procdff$1814' with positive edge clock and positive level reset.
Creating register for signal `\puzzle.\n231_reg' using process `\puzzle.$proc$/home/hunlu/apexcompute/asic-puzzle-2026/puzzle_compact.v:760$721'.
  created $adff cell `$procdff$1819' with positive edge clock and positive level reset.
Creating register for signal `\puzzle.\n261_reg' using process `\puzzle.$proc$/home/hunlu/apexcompute/asic-puzzle-2026/puzzle_compact.v:753$719'.
  created $adff cell `$procdff$1824' with positive edge clock and positive level reset.
Creating register for signal `\puzzle.\n140_reg' using process `\puzzle.$proc$/home/hunlu/apexcompute/asic-puzzle-2026/puzzle_compact.v:746$717'.
  created $adff cell `$procdff$1829' with positive edge clock and positive level reset.
Creating register for signal `\puzzle.\n68_reg' using process `\puzzle.$proc$/home/hunlu/apexcompute/asic-puzzle-2026/puzzle_compact.v:741$713'.
  created $dff cell `$procdff$1830' with positive edge clock.
Creating register for signal `\puzzle.\n532_reg' using process `\puzzle.$proc$/home/hunlu/apexcompute/asic-puzzle-2026/puzzle_compact.v:715$671'.
  created $adff cell `$procdff$1835' with positive edge clock and positive level reset.
Creating register for signal `\puzzle.\n63_reg' using process `\puzzle.$proc$/home/hunlu/apexcompute/asic-puzzle-2026/puzzle_compact.v:708$669'.
  created $adff cell `$procdff$1840' with positive edge clock and positive level reset.
Creating register for signal `\puzzle.\n530_reg' using process `\puzzle.$proc$/home/hunlu/apexcompute/asic-puzzle-2026/puzzle_compact.v:701$667'.
  created $adff cell `$procdff$1845' with positive edge clock and positive level reset.
Creating register for signal `\puzzle.\n521_reg' using process `\puzzle.$proc$/home/hunlu/apexcompute/asic-puzzle-2026/puzzle_compact.v:694$665'.
  created $adff cell `$procdff$1850' with positive edge clock and positive level reset.
Creating register for signal `\puzzle.\n526_reg' using process `\puzzle.$proc$/home/hunlu/apexcompute/asic-puzzle-2026/puzzle_compact.v:687$663'.
  created $adff cell `$procdff$1855' with positive edge clock and positive level reset.
Creating register for signal `\puzzle.\n309_reg' using process `\puzzle.$proc$/home/hunlu/apexcompute/asic-puzzle-2026/puzzle_compact.v:680$661'.
  created $adff cell `$procdff$1860' with positive edge clock and positive level reset.
Creating register for signal `\puzzle.\n142_reg' using process `\puzzle.$proc$/home/hunlu/apexcompute/asic-puzzle-2026/puzzle_compact.v:673$659'.
  created $adff cell `$procdff$1865' with positive edge clock and positive level reset.
Creating register for signal `\puzzle.\n73_reg' using process `\puzzle.$proc$/home/hunlu/apexcompute/asic-puzzle-2026/puzzle_compact.v:668$655'.
  created $dff cell `$procdff$1866' with positive edge clock.
Creating register for signal `\puzzle.\n493_reg' using process `\puzzle.$proc$/home/hunlu/apexcompute/asic-puzzle-2026/puzzle_compact.v:641$610'.
  created $adff cell `$procdff$1871' with positive edge clock and positive level reset.
Creating register for signal `\puzzle.\n62_reg' using process `\puzzle.$proc$/home/hunlu/apexcompute/asic-puzzle-2026/puzzle_compact.v:634$608'.
  created $adff cell `$procdff$1876' with positive edge clock and positive level reset.
Creating register for signal `\puzzle.\n19_reg' using process `\puzzle.$proc$/home/hunlu/apexcompute/asic-puzzle-2026/puzzle_compact.v:627$606'.
  created $adff cell `$procdff$1881' with positive edge clock and positive level reset.
Creating register for signal `\puzzle.\n490_reg' using process `\puzzle.$proc$/home/hunlu/apexcompute/asic-puzzle-2026/puzzle_compact.v:620$604'.
  created $adff cell `$procdff$1886' with positive edge clock and positive level reset.
Creating register for signal `\puzzle.\n212_reg' using process `\puzzle.$proc$/home/hunlu/apexcompute/asic-puzzle-2026/puzzle_compact.v:613$602'.
  created $adff cell `$procdff$1891' with positive edge clock and positive level reset.
Creating register for signal `\puzzle.\n81_reg' using process `\puzzle.$proc$/home/hunlu/apexcompute/asic-puzzle-2026/puzzle_compact.v:606$600'.
  created $adff cell `$procdff$1896' with positive edge clock and positive level reset.
Creating register for signal `\puzzle.\n218_reg' using process `\puzzle.$proc$/home/hunlu/apexcompute/asic-puzzle-2026/puzzle_compact.v:599$598'.
  created $adff cell `$procdff$1901' with positive edge clock and positive level reset.
Creating register for signal `\puzzle.\n6_reg' using process `\puzzle.$proc$/home/hunlu/apexcompute/asic-puzzle-2026/puzzle_compact.v:594$594'.
  created $dff cell `$procdff$1902' with positive edge clock.
Creating register for signal `\puzzle.\n66_reg' using process `\puzzle.$proc$/home/hunlu/apexcompute/asic-puzzle-2026/puzzle_compact.v:569$548'.
  created $adff cell `$procdff$1907' with positive edge clock and positive level reset.
Creating register for signal `\puzzle.\n448_reg' using process `\puzzle.$proc$/home/hunlu/apexcompute/asic-puzzle-2026/puzzle_compact.v:562$546'.
  created $adff cell `$procdff$1912' with positive edge clock and positive level reset.
Creating register for signal `\puzzle.\n453_reg' using process `\puzzle.$proc$/home/hunlu/apexcompute/asic-puzzle-2026/puzzle_compact.v:555$544'.
  created $adff cell `$procdff$1917' with positive edge clock and positive level reset.
Creating register for signal `\puzzle.\n451_reg' using process `\puzzle.$proc$/home/hunlu/apexcompute/asic-puzzle-2026/puzzle_compact.v:548$542'.
  created $adff cell `$procdff$1922' with positive edge clock and positive level reset.
Creating register for signal `\puzzle.\n449_reg' using process `\puzzle.$proc$/home/hunlu/apexcompute/asic-puzzle-2026/puzzle_compact.v:541$540'.
  created $adff cell `$procdff$1927' with positive edge clock and positive level reset.
Creating register for signal `\puzzle.\n11_reg' using process `\puzzle.$proc$/home/hunlu/apexcompute/asic-puzzle-2026/puzzle_compact.v:534$538'.
  created $adff cell `$procdff$1932' with positive edge clock and positive level reset.
Creating register for signal `\puzzle.\n217_reg' using process `\puzzle.$proc$/home/hunlu/apexcompute/asic-puzzle-2026/puzzle_compact.v:527$536'.
  created $adff cell `$procdff$1937' with positive edge clock and positive level reset.
Creating register for signal `\puzzle.\n417_reg' using process `\puzzle.$proc$/home/hunlu/apexcompute/asic-puzzle-2026/puzzle_compact.v:499$477'.
  created $adff cell `$procdff$1942' with positive edge clock and positive level reset.
Creating register for signal `\puzzle.\n415_reg' using process `\puzzle.$proc$/home/hunlu/apexcompute/asic-puzzle-2026/puzzle_compact.v:492$475'.
  created $adff cell `$procdff$1947' with positive edge clock and positive level reset.
Creating register for signal `\puzzle.\n413_reg' using process `\puzzle.$proc$/home/hunlu/apexcompute/asic-puzzle-2026/puzzle_compact.v:485$473'.
  created $adff cell `$procdff$1952' with positive edge clock and positive level reset.
Creating register for signal `\puzzle.\n240_reg' using process `\puzzle.$proc$/home/hunlu/apexcompute/asic-puzzle-2026/puzzle_compact.v:478$471'.
  created $adff cell `$procdff$1957' with positive edge clock and positive level reset.
Creating register for signal `\puzzle.\n65_reg' using process `\puzzle.$proc$/home/hunlu/apexcompute/asic-puzzle-2026/puzzle_compact.v:471$469'.
  created $adff cell `$procdff$1962' with positive edge clock and positive level reset.
Creating register for signal `\puzzle.\n33_reg' using process `\puzzle.$proc$/home/hunlu/apexcompute/asic-puzzle-2026/puzzle_compact.v:464$467'.
  created $adff cell `$procdff$1967' with positive edge clock and positive level reset.
Creating register for signal `\puzzle.\n366_reg' using process `\puzzle.$proc$/home/hunlu/apexcompute/asic-puzzle-2026/puzzle_compact.v:457$465'.
  created $adff cell `$procdff$1972' with positive edge clock and positive level reset.
Creating register for signal `\puzzle.\n388_reg' using process `\puzzle.$proc$/home/hunlu/apexcompute/asic-puzzle-2026/puzzle_compact.v:433$419'.
  created $adff cell `$procdff$1977' with positive edge clock and positive level reset.
Creating register for signal `\puzzle.\n386_reg' using process `\puzzle.$proc$/home/hunlu/apexcompute/asic-puzzle-2026/puzzle_compact.v:426$417'.
  created $adff cell `$procdff$1982' with positive edge clock and positive level reset.
Creating register for signal `\puzzle.\n383_reg' using process `\puzzle.$proc$/home/hunlu/apexcompute/asic-puzzle-2026/puzzle_compact.v:419$415'.
  created $adff cell `$procdff$1987' with positive edge clock and positive level reset.
Creating register for signal `\puzzle.\n381_reg' using process `\puzzle.$proc$/home/hunlu/apexcompute/asic-puzzle-2026/puzzle_compact.v:412$413'.
  created $adff cell `$procdff$1992' with positive edge clock and positive level reset.
Creating register for signal `\puzzle.\n379_reg' using process `\puzzle.$proc$/home/hunlu/apexcompute/asic-puzzle-2026/puzzle_compact.v:405$411'.
  created $adff cell `$procdff$1997' with positive edge clock and positive level reset.
Creating register for signal `\puzzle.\n35_reg' using process `\puzzle.$proc$/home/hunlu/apexcompute/asic-puzzle-2026/puzzle_compact.v:398$409'.
  created $adff cell `$procdff$2002' with positive edge clock and positive level reset.
Creating register for signal `\puzzle.\n345_reg' using process `\puzzle.$proc$/home/hunlu/apexcompute/asic-puzzle-2026/puzzle_compact.v:375$365'.
  created $adff cell `$procdff$2007' with positive edge clock and positive level reset.
Creating register for signal `\puzzle.\n27_reg' using process `\puzzle.$proc$/home/hunlu/apexcompute/asic-puzzle-2026/puzzle_compact.v:368$363'.
  created $adff cell `$procdff$2012' with positive edge clock and positive level reset.
Creating register for signal `\puzzle.\n342_reg' using process `\puzzle.$proc$/home/hunlu/apexcompute/asic-puzzle-2026/puzzle_compact.v:361$361'.
  created $adff cell `$procdff$2017' with positive edge clock and positive level reset.
Creating register for signal `\puzzle.\n211_reg' using process `\puzzle.$proc$/home/hunlu/apexcompute/asic-puzzle-2026/puzzle_compact.v:354$359'.
  created $adff cell `$procdff$2022' with positive edge clock and positive level reset.
Creating register for signal `\puzzle.\n338_reg' using process `\puzzle.$proc$/home/hunlu/apexcompute/asic-puzzle-2026/puzzle_compact.v:347$357'.
  created $adff cell `$procdff$2027' with positive edge clock and positive level reset.
Creating register for signal `\puzzle.\n302_reg' using process `\puzzle.$proc$/home/hunlu/apexcompute/asic-puzzle-2026/puzzle_compact.v:322$310'.
  created $adff cell `$procdff$2032' with positive edge clock and positive level reset.
Creating register for signal `\puzzle.\n99_reg' using process `\puzzle.$proc$/home/hunlu/apexcompute/asic-puzzle-2026/puzzle_compact.v:315$308'.
  created $adff cell `$procdff$2037' with positive edge clock and positive level reset.
Creating register for signal `\puzzle.\n241_reg' using process `\puzzle.$proc$/home/hunlu/apexcompute/asic-puzzle-2026/puzzle_compact.v:308$306'.
  created $adff cell `$procdff$2042' with positive edge clock and positive level reset.
Creating register for signal `\puzzle.\n299_reg' using process `\puzzle.$proc$/home/hunlu/apexcompute/asic-puzzle-2026/puzzle_compact.v:301$304'.
  created $adff cell `$procdff$2047' with positive edge clock and positive level reset.
Creating register for signal `\puzzle.\n275_reg' using process `\puzzle.$proc$/home/hunlu/apexcompute/asic-puzzle-2026/puzzle_compact.v:282$274'.
  created $adff cell `$procdff$2052' with positive edge clock and positive level reset.
Creating register for signal `\puzzle.\n23_reg' using process `\puzzle.$proc$/home/hunlu/apexcompute/asic-puzzle-2026/puzzle_compact.v:275$272'.
  created $adff cell `$procdff$2057' with positive edge clock and positive level reset.
Creating register for signal `\puzzle.\n204_reg' using process `\puzzle.$proc$/home/hunlu/apexcompute/asic-puzzle-2026/puzzle_compact.v:268$270'.
  created $adff cell `$procdff$2062' with positive edge clock and positive level reset.
Creating register for signal `\puzzle.\n271_reg' using process `\puzzle.$proc$/home/hunlu/apexcompute/asic-puzzle-2026/puzzle_compact.v:261$268'.
  created $adff cell `$procdff$2067' with positive edge clock and positive level reset.
Creating register for signal `\puzzle.\n134_reg' using process `\puzzle.$proc$/home/hunlu/apexcompute/asic-puzzle-2026/puzzle_compact.v:240$238'.
  created $adff cell `$procdff$2072' with positive edge clock and positive level reset.
Creating register for signal `\puzzle.\n116_reg' using process `\puzzle.$proc$/home/hunlu/apexcompute/asic-puzzle-2026/puzzle_compact.v:233$236'.
  created $adff cell `$procdff$2077' with positive edge clock and positive level reset.
Creating register for signal `\puzzle.\n91_reg' using process `\puzzle.$proc$/home/hunlu/apexcompute/asic-puzzle-2026/puzzle_compact.v:226$234'.
  created $adff cell `$procdff$2082' with positive edge clock and positive level reset.
Creating register for signal `\puzzle.\success_reg' using process `\puzzle.$proc$/home/hunlu/apexcompute/asic-puzzle-2026/puzzle_compact.v:205$201'.
  created $adff cell `$procdff$2087' with positive edge clock and positive level reset.
Creating register for signal `\puzzle.\n206_reg' using process `\puzzle.$proc$/home/hunlu/apexcompute/asic-puzzle-2026/puzzle_compact.v:197$199'.
  created $adff cell `$procdff$2092' with positive edge clock and positive level reset.
Creating register for signal `\puzzle.\n173_reg' using process `\puzzle.$proc$/home/hunlu/apexcompute/asic-puzzle-2026/puzzle_compact.v:176$166'.
  created $adff cell `$procdff$2097' with positive edge clock and positive level reset.

2.2.10. Executing PROC_MEMWR pass (convert process memory writes to cells).

2.2.11. Executing PROC_CLEAN pass (remove empty switches from decision trees).
Removing empty process `puzzle.$proc$/home/hunlu/apexcompute/asic-puzzle-2026/puzzle_compact.v:1263$1367'.
Removing empty process `puzzle.$proc$/home/hunlu/apexcompute/asic-puzzle-2026/puzzle_compact.v:1232$1312'.
Removing empty process `puzzle.$proc$/home/hunlu/apexcompute/asic-puzzle-2026/puzzle_compact.v:1204$1265'.
Removing empty process `puzzle.$proc$/home/hunlu/apexcompute/asic-puzzle-2026/puzzle_compact.v:1177$1221'.
Removing empty process `puzzle.$proc$/home/hunlu/apexcompute/asic-puzzle-2026/puzzle_compact.v:1147$1171'.
Removing empty process `puzzle.$proc$/home/hunlu/apexcompute/asic-puzzle-2026/puzzle_compact.v:1116$1116'.
Removing empty process `puzzle.$proc$/home/hunlu/apexcompute/asic-puzzle-2026/puzzle_compact.v:1088$1063'.
Removing empty process `puzzle.$proc$/home/hunlu/apexcompute/asic-puzzle-2026/puzzle_compact.v:1059$1014'.
Removing empty process `puzzle.$proc$/home/hunlu/apexcompute/asic-puzzle-2026/puzzle_compact.v:1049$1006'.
Removing empty process `puzzle.$proc$/home/hunlu/apexcompute/asic-puzzle-2026/puzzle_compact.v:1026$970'.
Removing empty process `puzzle.$proc$/home/hunlu/apexcompute/asic-puzzle-2026/puzzle_compact.v:1016$962'.
Removing empty process `puzzle.$proc$/home/hunlu/apexcompute/asic-puzzle-2026/puzzle_compact.v:996$934'.
Removing empty process `puzzle.$proc$/home/hunlu/apexcompute/asic-puzzle-2026/puzzle_compact.v:986$926'.
Removing empty process `puzzle.$proc$/home/hunlu/apexcompute/asic-puzzle-2026/puzzle_compact.v:972$910'.
Removing empty process `puzzle.$proc$/home/hunlu/apexcompute/asic-puzzle-2026/puzzle_compact.v:955$889'.
Removing empty process `puzzle.$proc$/home/hunlu/apexcompute/asic-puzzle-2026/puzzle_compact.v:942$876'.
Removing empty process `puzzle.$proc$/home/hunlu/apexcompute/asic-puzzle-2026/puzzle_compact.v:935$874'.
Removing empty process `puzzle.$proc$/home/hunlu/apexcompute/asic-puzzle-2026/puzzle_compact.v:916$850'.
Removing empty process `puzzle.$proc$/home/hunlu/apexcompute/asic-puzzle-2026/puzzle_compact.v:909$848'.
Removing empty process `puzzle.$proc$/home/hunlu/apexcompute/asic-puzzle-2026/puzzle_compact.v:902$846'.
Removing empty process `puzzle.$proc$/home/hunlu/apexcompute/asic-puzzle-2026/puzzle_compact.v:880$815'.
Removing empty process `puzzle.$proc$/home/hunlu/apexcompute/asic-puzzle-2026/puzzle_compact.v:873$813'.
Removing empty process `puzzle.$proc$/home/hunlu/apexcompute/asic-puzzle-2026/puzzle_compact.v:866$811'.
Removing empty process `puzzle.$proc$/home/hunlu/apexcompute/asic-puzzle-2026/puzzle_compact.v:859$809'.
Removing empty process `puzzle.$proc$/home/hunlu/apexcompute/asic-puzzle-2026/puzzle_compact.v:837$776'.
Removing empty process `puzzle.$proc$/home/hunlu/apexcompute/asic-puzzle-2026/puzzle_compact.v:830$774'.
Removing empty process `puzzle.$proc$/home/hunlu/apexcompute/asic-puzzle-2026/puzzle_compact.v:823$772'.
Removing empty process `puzzle.$proc$/home/hunlu/apexcompute/asic-puzzle-2026/puzzle_compact.v:816$770'.
Removing empty process `puzzle.$proc$/home/hunlu/apexcompute/asic-puzzle-2026/puzzle_compact.v:809$768'.
Removing empty process `puzzle.$proc$/home/hunlu/apexcompute/asic-puzzle-2026/puzzle_compact.v:804$764'.
Removing empty process `puzzle.$proc$/home/hunlu/apexcompute/asic-puzzle-2026/puzzle_compact.v:781$727'.
Removing empty process `puzzle.$proc$/home/hunlu/apexcompute/asic-puzzle-2026/puzzle_compact.v:774$725'.
Removing empty process `puzzle.$proc$/home/hunlu/apexcompute/asic-puzzle-2026/puzzle_compact.v:767$723'.
Removing empty process `puzzle.$proc$/home/hunlu/apexcompute/asic-puzzle-2026/puzzle_compact.v:760$721'.
Removing empty process `puzzle.$proc$/home/hunlu/apexcompute/asic-puzzle-2026/puzzle_compact.v:753$719'.
Removing empty process `puzzle.$proc$/home/hunlu/apexcompute/asic-puzzle-2026/puzzle_compact.v:746$717'.
Removing empty process `puzzle.$proc$/home/hunlu/apexcompute/asic-puzzle-2026/puzzle_compact.v:741$713'.
Removing empty process `puzzle.$proc$/home/hunlu/apexcompute/asic-puzzle-2026/puzzle_compact.v:715$671'.
Removing empty process `puzzle.$proc$/home/hunlu/apexcompute/asic-puzzle-2026/puzzle_compact.v:708$669'.
Removing empty process `puzzle.$proc$/home/hunlu/apexcompute/asic-puzzle-2026/puzzle_compact.v:701$667'.
Removing empty process `puzzle.$proc$/home/hunlu/apexcompute/asic-puzzle-2026/puzzle_compact.v:694$665'.
Removing empty process `puzzle.$proc$/home/hunlu/apexcompute/asic-puzzle-2026/puzzle_compact.v:687$663'.
Removing empty process `puzzle.$proc$/home/hunlu/apexcompute/asic-puzzle-2026/puzzle_compact.v:680$661'.
Removing empty process `puzzle.$proc$/home/hunlu/apexcompute/asic-puzzle-2026/puzzle_compact.v:673$659'.
Removing empty process `puzzle.$proc$/home/hunlu/apexcompute/asic-puzzle-2026/puzzle_compact.v:668$655'.
Removing empty process `puzzle.$proc$/home/hunlu/apexcompute/asic-puzzle-2026/puzzle_compact.v:641$610'.
Removing empty process `puzzle.$proc$/home/hunlu/apexcompute/asic-puzzle-2026/puzzle_compact.v:634$608'.
Removing empty process `puzzle.$proc$/home/hunlu/apexcompute/asic-puzzle-2026/puzzle_compact.v:627$606'.
Removing empty process `puzzle.$proc$/home/hunlu/apexcompute/asic-puzzle-2026/puzzle_compact.v:620$604'.
Removing empty process `puzzle.$proc$/home/hunlu/apexcompute/asic-puzzle-2026/puzzle_compact.v:613$602'.
Removing empty process `puzzle.$proc$/home/hunlu/apexcompute/asic-puzzle-2026/puzzle_compact.v:606$600'.
Removing empty process `puzzle.$proc$/home/hunlu/apexcompute/asic-puzzle-2026/puzzle_compact.v:599$598'.
Removing empty process `puzzle.$proc$/home/hunlu/apexcompute/asic-puzzle-2026/puzzle_compact.v:594$594'.
Removing empty process `puzzle.$proc$/home/hunlu/apexcompute/asic-puzzle-2026/puzzle_compact.v:569$548'.
Removing empty process `puzzle.$proc$/home/hunlu/apexcompute/asic-puzzle-2026/puzzle_compact.v:562$546'.
Removing empty process `puzzle.$proc$/home/hunlu/apexcompute/asic-puzzle-2026/puzzle_compact.v:555$544'.
Removing empty process `puzzle.$proc$/home/hunlu/apexcompute/asic-puzzle-2026/puzzle_compact.v:548$542'.
Removing empty process `puzzle.$proc$/home/hunlu/apexcompute/asic-puzzle-2026/puzzle_compact.v:541$540'.
Removing empty process `puzzle.$proc$/home/hunlu/apexcompute/asic-puzzle-2026/puzzle_compact.v:534$538'.
Removing empty process `puzzle.$proc$/home/hunlu/apexcompute/asic-puzzle-2026/puzzle_compact.v:527$536'.
Removing empty process `puzzle.$proc$/home/hunlu/apexcompute/asic-puzzle-2026/puzzle_compact.v:499$477'.
Removing empty process `puzzle.$proc$/home/hunlu/apexcompute/asic-puzzle-2026/puzzle_compact.v:492$475'.
Removing empty process `puzzle.$proc$/home/hunlu/apexcompute/asic-puzzle-2026/puzzle_compact.v:485$473'.
Removing empty process `puzzle.$proc$/home/hunlu/apexcompute/asic-puzzle-2026/puzzle_compact.v:478$471'.
Removing empty process `puzzle.$proc$/home/hunlu/apexcompute/asic-puzzle-2026/puzzle_compact.v:471$469'.
Removing empty process `puzzle.$proc$/home/hunlu/apexcompute/asic-puzzle-2026/puzzle_compact.v:464$467'.
Removing empty process `puzzle.$proc$/home/hunlu/apexcompute/asic-puzzle-2026/puzzle_compact.v:457$465'.
Removing empty process `puzzle.$proc$/home/hunlu/apexcompute/asic-puzzle-2026/puzzle_compact.v:433$419'.
Removing empty process `puzzle.$proc$/home/hunlu/apexcompute/asic-puzzle-2026/puzzle_compact.v:426$417'.
Removing empty process `puzzle.$proc$/home/hunlu/apexcompute/asic-puzzle-2026/puzzle_compact.v:419$415'.
Removing empty process `puzzle.$proc$/home/hunlu/apexcompute/asic-puzzle-2026/puzzle_compact.v:412$413'.
Removing empty process `puzzle.$proc$/home/hunlu/apexcompute/asic-puzzle-2026/puzzle_compact.v:405$411'.
Removing empty process `puzzle.$proc$/home/hunlu/apexcompute/asic-puzzle-2026/puzzle_compact.v:398$409'.
Removing empty process `puzzle.$proc$/home/hunlu/apexcompute/asic-puzzle-2026/puzzle_compact.v:375$365'.
Removing empty process `puzzle.$proc$/home/hunlu/apexcompute/asic-puzzle-2026/puzzle_compact.v:368$363'.
Removing empty process `puzzle.$proc$/home/hunlu/apexcompute/asic-puzzle-2026/puzzle_compact.v:361$361'.
Removing empty process `puzzle.$proc$/home/hunlu/apexcompute/asic-puzzle-2026/puzzle_compact.v:354$359'.
Removing empty process `puzzle.$proc$/home/hunlu/apexcompute/asic-puzzle-2026/puzzle_compact.v:347$357'.
Removing empty process `puzzle.$proc$/home/hunlu/apexcompute/asic-puzzle-2026/puzzle_compact.v:322$310'.
Removing empty process `puzzle.$proc$/home/hunlu/apexcompute/asic-puzzle-2026/puzzle_compact.v:315$308'.
Removing empty process `puzzle.$proc$/home/hunlu/apexcompute/asic-puzzle-2026/puzzle_compact.v:308$306'.
Removing empty process `puzzle.$proc$/home/hunlu/apexcompute/asic-puzzle-2026/puzzle_compact.v:301$304'.
Removing empty process `puzzle.$proc$/home/hunlu/apexcompute/asic-puzzle-2026/puzzle_compact.v:282$274'.
Removing empty process `puzzle.$proc$/home/hunlu/apexcompute/asic-puzzle-2026/puzzle_compact.v:275$272'.
Removing empty process `puzzle.$proc$/home/hunlu/apexcompute/asic-puzzle-2026/puzzle_compact.v:268$270'.
Removing empty process `puzzle.$proc$/home/hunlu/apexcompute/asic-puzzle-2026/puzzle_compact.v:261$268'.
Removing empty process `puzzle.$proc$/home/hunlu/apexcompute/asic-puzzle-2026/puzzle_compact.v:240$238'.
Removing empty process `puzzle.$proc$/home/hunlu/apexcompute/asic-puzzle-2026/puzzle_compact.v:233$236'.
Removing empty process `puzzle.$proc$/home/hunlu/apexcompute/asic-puzzle-2026/puzzle_compact.v:226$234'.
Removing empty process `puzzle.$proc$/home/hunlu/apexcompute/asic-puzzle-2026/puzzle_compact.v:205$201'.
Removing empty process `puzzle.$proc$/home/hunlu/apexcompute/asic-puzzle-2026/puzzle_compact.v:197$199'.
Removing empty process `puzzle.$proc$/home/hunlu/apexcompute/asic-puzzle-2026/puzzle_compact.v:176$166'.
Cleaned up 0 empty switches.

2.2.12. Executing OPT_EXPR pass (perform const folding).
Optimizing module puzzle.
<suppressed ~203 debug messages>

2.3. Executing FUTURE pass.

2.4. Executing OPT_EXPR pass (perform const folding).
Optimizing module puzzle.

2.5. Executing OPT_CLEAN pass (remove unused cells and wires).
Finding unused cells or wires in module \puzzle..
Removed 176 unused cells and 1095 unused wires.
<suppressed ~296 debug messages>

2.6. Executing CHECK pass (checking for obvious problems).
Checking module puzzle...
Found and reported 0 problems.

2.7. Executing OPT pass (performing simple optimizations).

2.7.1. Executing OPT_EXPR pass (perform const folding).
Optimizing module puzzle.

2.7.2. Executing OPT_MERGE pass (detect identical cells).
Finding identical cells in module `\puzzle'.
Computing hashes of 1540 cells of `\puzzle'.
Finding duplicate cells in `\puzzle'.
Computing hashes of 1417 cells of `\puzzle'.
Finding duplicate cells in `\puzzle'.
Computing hashes of 1392 cells of `\puzzle'.
Finding duplicate cells in `\puzzle'.
Computing hashes of 1390 cells of `\puzzle'.
Finding duplicate cells in `\puzzle'.
Computing hashes of 1389 cells of `\puzzle'.
Finding duplicate cells in `\puzzle'.
<suppressed ~453 debug messages>
Removed a total of 151 cells.

2.7.3. Executing OPT_MUXTREE pass (detect dead branches in mux trees).
Running muxtree optimizer on module \puzzle..
  Creating internal representation of mux trees.
  Evaluating internal representation of mux trees.
  Analyzing evaluation results.
Removed 0 multiplexer ports.
<suppressed ~41 debug messages>

2.7.4. Executing OPT_REDUCE pass (consolidate $*mux and $reduce_* inputs).
  Optimizing cells in module \puzzle.
Performed a total of 0 changes.

2.7.5. Executing OPT_MERGE pass (detect identical cells).
Finding identical cells in module `\puzzle'.
Computing hashes of 1389 cells of `\puzzle'.
Finding duplicate cells in `\puzzle'.
Removed a total of 0 cells.

2.7.6. Executing OPT_CLEAN pass (remove unused cells and wires).
Finding unused cells or wires in module \puzzle..
Removed 0 unused cells and 135 unused wires.
<suppressed ~1 debug messages>

2.7.7. Executing OPT_EXPR pass (perform const folding).
Optimizing module puzzle.

2.7.8. Rerunning OPT passes. (Maybe there is more to do..)

2.7.9. Executing OPT_MUXTREE pass (detect dead branches in mux trees).
Running muxtree optimizer on module \puzzle..
  Creating internal representation of mux trees.
  Evaluating internal representation of mux trees.
  Analyzing evaluation results.
Removed 0 multiplexer ports.
<suppressed ~41 debug messages>

2.7.10. Executing OPT_REDUCE pass (consolidate $*mux and $reduce_* inputs).
  Optimizing cells in module \puzzle.
Performed a total of 0 changes.

2.7.11. Executing OPT_MERGE pass (detect identical cells).
Finding identical cells in module `\puzzle'.
Computing hashes of 1389 cells of `\puzzle'.
Finding duplicate cells in `\puzzle'.
Removed a total of 0 cells.

2.7.12. Executing OPT_CLEAN pass (remove unused cells and wires).
Finding unused cells or wires in module \puzzle..

2.7.13. Executing OPT_EXPR pass (perform const folding).
Optimizing module puzzle.

2.7.14. Finished fast OPT passes. (There is nothing left to do.)

2.8. Executing WREDUCE pass (reducing word size of cells).

2.9. Executing OPT_CLEAN pass (remove unused cells and wires).
Finding unused cells or wires in module \puzzle..

2.10. Executing MEMORY_COLLECT pass (generating $mem cells).

2.11. Executing OPT pass (performing simple optimizations).

2.11.1. Executing OPT_EXPR pass (perform const folding).
Optimizing module puzzle.

2.11.2. Executing OPT_MERGE pass (detect identical cells).
Finding identical cells in module `\puzzle'.
Computing hashes of 1389 cells of `\puzzle'.
Finding duplicate cells in `\puzzle'.
Removed a total of 0 cells.

2.11.3. Executing OPT_CLEAN pass (remove unused cells and wires).
Finding unused cells or wires in module \puzzle..

2.11.4. Finished fast OPT passes.

2.12. Executing SORT pass.

2.13. Printing statistics.

=== puzzle ===

        +----------Local Count, excluding submodules.
        | 
     1452 wires
     1459 wire bits
      734 public wires
      741 public wire bits
        6 ports
       13 port bits
     1389 cells
       88   $adff
      530   $and
        4   $dff
       21   $mux
      281   $not
      419   $or
       46   $xor

2.14. Executing CHECK pass (checking for obvious problems).
Checking module puzzle...
Found and reported 0 problems.

3. Executing ASYNC2SYNC pass.
Replacing puzzle.$procdff$1658 ($adff): ARST=\rst_n, D=\n723, Q=\n586_reg
Replacing puzzle.$procdff$1663 ($adff): ARST=\rst_n, D=\n712, Q=\n696_reg
Replacing puzzle.$procdff$1668 ($adff): ARST=\rst_n, D=\n721, Q=\n566_reg
Replacing puzzle.$procdff$1673 ($adff): ARST=\rst_n, D=\n519, Q=\n12_reg
Replacing puzzle.$procdff$1678 ($adff): ARST=\rst_n, D=\n699, Q=\n82_reg
Replacing puzzle.$procdff$1683 ($adff): ARST=\rst_n, D=\n403, Q=\n404_reg
Replacing puzzle.$procdff$1688 ($adff): ARST=\rst_n, D=\n678, Q=\n352_reg
Replacing puzzle.$procdff$1693 ($adff): ARST=\rst_n, D=\n665, Q=\n278_reg
Replacing puzzle.$procdff$1698 ($adff): ARST=\rst_n, D=\n468, Q=\n267_reg
Replacing puzzle.$procdff$1703 ($adff): ARST=\rst_n, D=\n651, Q=\n540_reg
Replacing puzzle.$procdff$1708 ($adff): ARST=\rst_n, D=\n649, Q=\n169_reg
Replacing puzzle.$procdff$1713 ($adff): ARST=\rst_n, D=\n639, Q=\n638_reg
Replacing puzzle.$procdff$1718 ($adff): ARST=\rst_n, D=\n121, Q=\n38_reg
Replacing puzzle.$procdff$1723 ($adff): ARST=\rst_n, D=\n248, Q=\n222_reg
Replacing puzzle.$procdff$1728 ($adff): ARST=\rst_n, D=\n589, Q=\n41_reg
Replacing puzzle.$procdff$1733 ($adff): ARST=\rst_n, D=\n410, Q=\n176_reg
Replacing puzzle.$procdff$1738 ($adff): ARST=\rst_n, D=\n375, Q=\n113_reg
Replacing puzzle.$procdff$1743 ($adff): ARST=\rst_n, D=\n616, Q=\n615_reg
Replacing puzzle.$procdff$1748 ($adff): ARST=\rst_n, D=\n614, Q=\n114_reg
Replacing puzzle.$procdff$1753 ($adff): ARST=\rst_n, D=\n613, Q=\n612_reg
Replacing puzzle.$procdff$1758 ($adff): ARST=\rst_n, D=\n602, Q=\n601_reg
Replacing puzzle.$procdff$1763 ($adff): ARST=\rst_n, D=\n600, Q=\n599_reg
Replacing puzzle.$procdff$1768 ($adff): ARST=\rst_n, D=\n598, Q=\n101_reg
Replacing puzzle.$procdff$1773 ($adff): ARST=\rst_n, D=\n111, Q=\n108_reg
Replacing puzzle.$procdff$1778 ($adff): ARST=\rst_n, D=\n584, Q=\n347_reg
Replacing puzzle.$procdff$1783 ($adff): ARST=\rst_n, D=\n583, Q=\n487_reg
Replacing puzzle.$procdff$1788 ($adff): ARST=\rst_n, D=\n552, Q=\n550_reg
Replacing puzzle.$procdff$1793 ($adff): ARST=\rst_n, D=\n574, Q=\n203_reg
Replacing puzzle.$procdff$1798 ($adff): ARST=\rst_n, D=\n370, Q=\n136_reg
Replacing puzzle.$procdff$1804 ($adff): ARST=\rst_n, D=\n559, Q=\n459_reg
Replacing puzzle.$procdff$1809 ($adff): ARST=\rst_n, D=\n558, Q=\n480_reg
Replacing puzzle.$procdff$1814 ($adff): ARST=\rst_n, D=\n557, Q=\n447_reg
Replacing puzzle.$procdff$1819 ($adff): ARST=\rst_n, D=\n556, Q=\n231_reg
Replacing puzzle.$procdff$1824 ($adff): ARST=\rst_n, D=\n260, Q=\n261_reg
Replacing puzzle.$procdff$1829 ($adff): ARST=\rst_n, D=\n444, Q=\n140_reg
Replacing puzzle.$procdff$1835 ($adff): ARST=\rst_n, D=\n533, Q=\n532_reg
Replacing puzzle.$procdff$1840 ($adff): ARST=\rst_n, D=\n247, Q=\n63_reg
Replacing puzzle.$procdff$1845 ($adff): ARST=\rst_n, D=\n531, Q=\n530_reg
Replacing puzzle.$procdff$1850 ($adff): ARST=\rst_n, D=\n528, Q=\n521_reg
Replacing puzzle.$procdff$1855 ($adff): ARST=\rst_n, D=\n527, Q=\n526_reg
Replacing puzzle.$procdff$1860 ($adff): ARST=\rst_n, D=\n525, Q=\n309_reg
Replacing puzzle.$procdff$1865 ($adff): ARST=\rst_n, D=\n524, Q=\n142_reg
Replacing puzzle.$procdff$1871 ($adff): ARST=\rst_n, D=\n494, Q=\n493_reg
Replacing puzzle.$procdff$1876 ($adff): ARST=\rst_n, D=\n298, Q=\n62_reg
Replacing puzzle.$procdff$1881 ($adff): ARST=\rst_n, D=\n492, Q=\n19_reg
Replacing puzzle.$procdff$1886 ($adff): ARST=\rst_n, D=\n491, Q=\n490_reg
Replacing puzzle.$procdff$1891 ($adff): ARST=\rst_n, D=\n213, Q=\n212_reg
Replacing puzzle.$procdff$1896 ($adff): ARST=\rst_n, D=\n320, Q=\n81_reg
Replacing puzzle.$procdff$1901 ($adff): ARST=\rst_n, D=\n489, Q=\n218_reg
Replacing puzzle.$procdff$1907 ($adff): ARST=\rst_n, D=\n456, Q=\n66_reg
Replacing puzzle.$procdff$1912 ($adff): ARST=\rst_n, D=\n455, Q=\n448_reg
Replacing puzzle.$procdff$1917 ($adff): ARST=\rst_n, D=\n454, Q=\n453_reg
Replacing puzzle.$procdff$1922 ($adff): ARST=\rst_n, D=\n452, Q=\n451_reg
Replacing puzzle.$procdff$1927 ($adff): ARST=\rst_n, D=\n450, Q=\n449_reg
Replacing puzzle.$procdff$1932 ($adff): ARST=\rst_n, D=\n293, Q=\n11_reg
Replacing puzzle.$procdff$1937 ($adff): ARST=\rst_n, D=\n215, Q=\n217_reg
Replacing puzzle.$procdff$1942 ($adff): ARST=\rst_n, D=\n418, Q=\n417_reg
Replacing puzzle.$procdff$1947 ($adff): ARST=\rst_n, D=\n416, Q=\n415_reg
Replacing puzzle.$procdff$1952 ($adff): ARST=\rst_n, D=\n414, Q=\n413_reg
Replacing puzzle.$procdff$1957 ($adff): ARST=\rst_n, D=\n412, Q=\n240_reg
Replacing puzzle.$procdff$1962 ($adff): ARST=\rst_n, D=\n61, Q=\n65_reg
Replacing puzzle.$procdff$1967 ($adff): ARST=\rst_n, D=\n411, Q=\n33_reg
Replacing puzzle.$procdff$1972 ($adff): ARST=\rst_n, D=\n365, Q=\n366_reg
Replacing puzzle.$procdff$1977 ($adff): ARST=\rst_n, D=\n389, Q=\n388_reg
Replacing puzzle.$procdff$1982 ($adff): ARST=\rst_n, D=\n387, Q=\n386_reg
Replacing puzzle.$procdff$1987 ($adff): ARST=\rst_n, D=\n384, Q=\n383_reg
Replacing puzzle.$procdff$1992 ($adff): ARST=\rst_n, D=\n382, Q=\n381_reg
Replacing puzzle.$procdff$1997 ($adff): ARST=\rst_n, D=\n380, Q=\n379_reg
Replacing puzzle.$procdff$2002 ($adff): ARST=\rst_n, D=\n378, Q=\n35_reg
Replacing puzzle.$procdff$2007 ($adff): ARST=\rst_n, D=\n346, Q=\n345_reg
Replacing puzzle.$procdff$2012 ($adff): ARST=\rst_n, D=\n344, Q=\n27_reg
Replacing puzzle.$procdff$2017 ($adff): ARST=\rst_n, D=\n343, Q=\n342_reg
Replacing puzzle.$procdff$2022 ($adff): ARST=\rst_n, D=\n341, Q=\n211_reg
Replacing puzzle.$procdff$2027 ($adff): ARST=\rst_n, D=\n339, Q=\n338_reg
Replacing puzzle.$procdff$2032 ($adff): ARST=\rst_n, D=\n303, Q=\n302_reg
Replacing puzzle.$procdff$2037 ($adff): ARST=\rst_n, D=\n301, Q=\n99_reg
Replacing puzzle.$procdff$2042 ($adff): ARST=\rst_n, D=\n242, Q=\n241_reg
Replacing puzzle.$procdff$2047 ($adff): ARST=\rst_n, D=\n300, Q=\n299_reg
Replacing puzzle.$procdff$2052 ($adff): ARST=\rst_n, D=\n276, Q=\n275_reg
Replacing puzzle.$procdff$2057 ($adff): ARST=\rst_n, D=\n230, Q=\n23_reg
Replacing puzzle.$procdff$2062 ($adff): ARST=\rst_n, D=\n274, Q=\n204_reg
Replacing puzzle.$procdff$2067 ($adff): ARST=\rst_n, D=\n272, Q=\n271_reg
Replacing puzzle.$procdff$2072 ($adff): ARST=\rst_n, D=\n239, Q=\n134_reg
Replacing puzzle.$procdff$2077 ($adff): ARST=\rst_n, D=\n238, Q=\n116_reg
Replacing puzzle.$procdff$2082 ($adff): ARST=\rst_n, D=\n236, Q=\n91_reg
Replacing puzzle.$procdff$2087 ($adff): ARST=\rst_n, D=\n209, Q=\success_reg
Replacing puzzle.$procdff$2092 ($adff): ARST=\rst_n, D=\n207, Q=\n206_reg
Replacing puzzle.$procdff$2097 ($adff): ARST=\rst_n, D=\n174, Q=\n173_reg

4. Executing OPT_CLEAN pass (remove unused cells and wires).
Finding unused cells or wires in module \puzzle..

5. Executing SAT pass (solving SAT problems in the circuit).
Using SAT solver `minisat`.

Setting up time step 1:
Import set-constraint: \rst_n = 1'1
Import set-constraint: \enable = 1'0
Import set-constraint for this timestep: \rst_n = 1'0
Import set-constraint for this timestep: \I = 1'0
Final constraint equation: { \I \rst_n \enable } = 3'000
Imported 1477 cells to SAT database.
Final init constraint equation: { \n6_reg \n73_reg \n68_reg \n8_reg $auto$async2sync.cc:253:execute$2098 $auto$async2sync.cc:253:execute$2100 $auto$async2sync.cc:253:execute$2102 $auto$async2sync.cc:253:execute$2104 $auto$async2sync.cc:253:execute$2106 $auto$async2sync.cc:253:execute$2108 $auto$async2sync.cc:253:execute$2110 $auto$async2sync.cc:253:execute$2112 $auto$async2sync.cc:253:execute$2114 $auto$async2sync.cc:253:execute$2116 $auto$async2sync.cc:253:execute$2118 $auto$async2sync.cc:253:execute$2120 $auto$async2sync.cc:253:execute$2122 $auto$async2sync.cc:253:execute$2124 $auto$async2sync.cc:253:execute$2126 $auto$async2sync.cc:253:execute$2128 $auto$async2sync.cc:253:execute$2130 $auto$async2sync.cc:253:execute$2132 $auto$async2sync.cc:253:execute$2134 $auto$async2sync.cc:253:execute$2136 $auto$async2sync.cc:253:execute$2138 $auto$async2sync.cc:253:execute$2140 $auto$async2sync.cc:253:execute$2142 $auto$async2sync.cc:253:execute$2144 $auto$async2sync.cc:253:execute$2146 $auto$async2sync.cc:253:execute$2148 $auto$async2sync.cc:253:execute$2150 $auto$async2sync.cc:253:execute$2152 $auto$async2sync.cc:253:execute$2154 $auto$async2sync.cc:253:execute$2156 $auto$async2sync.cc:253:execute$2158 $auto$async2sync.cc:253:execute$2160 $auto$async2sync.cc:253:execute$2162 $auto$async2sync.cc:253:execute$2164 $auto$async2sync.cc:253:execute$2166 $auto$async2sync.cc:253:execute$2168 $auto$async2sync.cc:253:execute$2170 $auto$async2sync.cc:253:execute$2172 $auto$async2sync.cc:253:execute$2174 $auto$async2sync.cc:253:execute$2176 $auto$async2sync.cc:253:execute$2178 $auto$async2sync.cc:253:execute$2180 $auto$async2sync.cc:253:execute$2182 $auto$async2sync.cc:253:execute$2184 $auto$async2sync.cc:253:execute$2186 $auto$async2sync.cc:253:execute$2188 $auto$async2sync.cc:253:execute$2190 $auto$async2sync.cc:253:execute$2192 $auto$async2sync.cc:253:execute$2194 $auto$async2sync.cc:253:execute$2196 $auto$async2sync.cc:253:execute$2198 $auto$async2sync.cc:253:execute$2200 $auto$async2sync.cc:253:execute$2202 $auto$async2sync.cc:253:execute$2204 $auto$async2sync.cc:253:execute$2206 $auto$async2sync.cc:253:execute$2208 $auto$async2sync.cc:253:execute$2210 $auto$async2sync.cc:253:execute$2212 $auto$async2sync.cc:253:execute$2214 $auto$async2sync.cc:253:execute$2216 $auto$async2sync.cc:253:execute$2218 $auto$async2sync.cc:253:execute$2220 $auto$async2sync.cc:253:execute$2222 $auto$async2sync.cc:253:execute$2224 $auto$async2sync.cc:253:execute$2226 $auto$async2sync.cc:253:execute$2228 $auto$async2sync.cc:253:execute$2230 $auto$async2sync.cc:253:execute$2232 $auto$async2sync.cc:253:execute$2234 $auto$async2sync.cc:253:execute$2236 $auto$async2sync.cc:253:execute$2238 $auto$async2sync.cc:253:execute$2240 $auto$async2sync.cc:253:execute$2242 $auto$async2sync.cc:253:execute$2244 $auto$async2sync.cc:253:execute$2246 $auto$async2sync.cc:253:execute$2248 $auto$async2sync.cc:253:execute$2250 $auto$async2sync.cc:253:execute$2252 $auto$async2sync.cc:253:execute$2254 $auto$async2sync.cc:253:execute$2256 $auto$async2sync.cc:253:execute$2258 $auto$async2sync.cc:253:execute$2260 $auto$async2sync.cc:253:execute$2262 $auto$async2sync.cc:253:execute$2264 $auto$async2sync.cc:253:execute$2266 $auto$async2sync.cc:253:execute$2268 $auto$async2sync.cc:253:execute$2270 $auto$async2sync.cc:253:execute$2272 } = 92'00000000000000000000000000000000000000000000000000000000000000000000000000000000000000000000

Setting up time step 2:
Import set-constraint: \rst_n = 1'1
Import set-constraint: \enable = 1'0
Import set-constraint for this timestep: \rst_n = 1'0
Import set-constraint for this timestep: \I = 1'0
Final constraint equation: { \I \rst_n \enable } = 3'000
Imported 1477 cells to SAT database.

Setting up time step 3:
Import set-constraint: \rst_n = 1'1
Import set-constraint: \enable = 1'0
Import set-constraint for this timestep: \rst_n = 1'0
Import set-constraint for this timestep: \I = 1'0
Final constraint equation: { \I \rst_n \enable } = 3'000
Imported 1477 cells to SAT database.

Setting up time step 4:
Import set-constraint: \rst_n = 1'1
Import set-constraint: \enable = 1'0
Import set-constraint for this timestep: \I = 1'0
Final constraint equation: { \I \enable \rst_n } = 3'001
Imported 1477 cells to SAT database.

Setting up time step 5:
Import set-constraint: \rst_n = 1'1
Import set-constraint: \enable = 1'0
Import set-constraint for this timestep: \enable = 1'1
Final constraint equation: { \enable \rst_n } = 2'11
Imported 1477 cells to SAT database.

Setting up time step 6:
Import set-constraint: \rst_n = 1'1
Import set-constraint: \enable = 1'0
Import set-constraint for this timestep: \enable = 1'1
Final constraint equation: { \enable \rst_n } = 2'11
Imported 1477 cells to SAT database.

Setting up time step 7:
Import set-constraint: \rst_n = 1'1
Import set-constraint: \enable = 1'0
Import set-constraint for this timestep: \enable = 1'1
Final constraint equation: { \enable \rst_n } = 2'11
Imported 1477 cells to SAT database.

Setting up time step 8:
Import set-constraint: \rst_n = 1'1
Import set-constraint: \enable = 1'0
Import set-constraint for this timestep: \enable = 1'1
Final constraint equation: { \enable \rst_n } = 2'11
Imported 1477 cells to SAT database.

Setting up time step 9:
Import set-constraint: \rst_n = 1'1
Import set-constraint: \enable = 1'0
Import set-constraint for this timestep: \enable = 1'1
Final constraint equation: { \enable \rst_n } = 2'11
Imported 1477 cells to SAT database.

Setting up time step 10:
Import set-constraint: \rst_n = 1'1
Import set-constraint: \enable = 1'0
Import set-constraint for this timestep: \enable = 1'1
Final constraint equation: { \enable \rst_n } = 2'11
Imported 1477 cells to SAT database.

Setting up time step 11:
Import set-constraint: \rst_n = 1'1
Import set-constraint: \enable = 1'0
Import set-constraint for this timestep: \enable = 1'1
Final constraint equation: { \enable \rst_n } = 2'11
Imported 1477 cells to SAT database.

Setting up time step 12:
Import set-constraint: \rst_n = 1'1
Import set-constraint: \enable = 1'0
Import set-constraint for this timestep: \enable = 1'1
Final constraint equation: { \enable \rst_n } = 2'11
Imported 1477 cells to SAT database.

Setting up time step 13:
Import set-constraint: \rst_n = 1'1
Import set-constraint: \enable = 1'0
Import set-constraint for this timestep: \enable = 1'1
Final constraint equation: { \enable \rst_n } = 2'11
Imported 1477 cells to SAT database.

Setting up time step 14:
Import set-constraint: \rst_n = 1'1
Import set-constraint: \enable = 1'0
Import set-constraint for this timestep: \enable = 1'1
Final constraint equation: { \enable \rst_n } = 2'11
Imported 1477 cells to SAT database.

Setting up time step 15:
Import set-constraint: \rst_n = 1'1
Import set-constraint: \enable = 1'0
Import set-constraint for this timestep: \enable = 1'1
Final constraint equation: { \enable \rst_n } = 2'11
Imported 1477 cells to SAT database.

Setting up time step 16:
Import set-constraint: \rst_n = 1'1
Import set-constraint: \enable = 1'0
Import set-constraint for this timestep: \enable = 1'1
Final constraint equation: { \enable \rst_n } = 2'11
Imported 1477 cells to SAT database.

Setting up time step 17:
Import set-constraint: \rst_n = 1'1
Import set-constraint: \enable = 1'0
Import set-constraint for this timestep: \enable = 1'1
Final constraint equation: { \enable \rst_n } = 2'11
Imported 1477 cells to SAT database.

Setting up time step 18:
Import set-constraint: \rst_n = 1'1
Import set-constraint: \enable = 1'0
Import set-constraint for this timestep: \enable = 1'1
Final constraint equation: { \enable \rst_n } = 2'11
Imported 1477 cells to SAT database.

Setting up time step 19:
Import set-constraint: \rst_n = 1'1
Import set-constraint: \enable = 1'0
Import set-constraint for this timestep: \enable = 1'1
Final constraint equation: { \enable \rst_n } = 2'11
Imported 1477 cells to SAT database.

Setting up time step 20:
Import set-constraint: \rst_n = 1'1
Import set-constraint: \enable = 1'0
Import set-constraint for this timestep: \enable = 1'1
Final constraint equation: { \enable \rst_n } = 2'11
Imported 1477 cells to SAT database.

Setting up time step 21:
Import set-constraint: \rst_n = 1'1
Import set-constraint: \enable = 1'0
Import set-constraint for this timestep: \enable = 1'1
Final constraint equation: { \enable \rst_n } = 2'11
Imported 1477 cells to SAT database.

Setting up time step 22:
Import set-constraint: \rst_n = 1'1
Import set-constraint: \enable = 1'0
Import set-constraint for this timestep: \enable = 1'1
Final constraint equation: { \enable \rst_n } = 2'11
Imported 1477 cells to SAT database.

Setting up time step 23:
Import set-constraint: \rst_n = 1'1
Import set-constraint: \enable = 1'0
Import set-constraint for this timestep: \enable = 1'1
Final constraint equation: { \enable \rst_n } = 2'11
Imported 1477 cells to SAT database.

Setting up time step 24:
Import set-constraint: \rst_n = 1'1
Import set-constraint: \enable = 1'0
Import set-constraint for this timestep: \enable = 1'1
Final constraint equation: { \enable \rst_n } = 2'11
Imported 1477 cells to SAT database.

Setting up time step 25:
Import set-constraint: \rst_n = 1'1
Import set-constraint: \enable = 1'0
Import set-constraint for this timestep: \enable = 1'1
Final constraint equation: { \enable \rst_n } = 2'11
Imported 1477 cells to SAT database.

Setting up time step 26:
Import set-constraint: \rst_n = 1'1
Import set-constraint: \enable = 1'0
Import set-constraint for this timestep: \enable = 1'1
Final constraint equation: { \enable \rst_n } = 2'11
Imported 1477 cells to SAT database.

Setting up time step 27:
Import set-constraint: \rst_n = 1'1
Import set-constraint: \enable = 1'0
Import set-constraint for this timestep: \enable = 1'1
Final constraint equation: { \enable \rst_n } = 2'11
Imported 1477 cells to SAT database.

Setting up time step 28:
Import set-constraint: \rst_n = 1'1
Import set-constraint: \enable = 1'0
Import set-constraint for this timestep: \enable = 1'1
Final constraint equation: { \enable \rst_n } = 2'11
Imported 1477 cells to SAT database.

Setting up time step 29:
Import set-constraint: \rst_n = 1'1
Import set-constraint: \enable = 1'0
Import set-constraint for this timestep: \enable = 1'1
Final constraint equation: { \enable \rst_n } = 2'11
Imported 1477 cells to SAT database.

Setting up time step 30:
Import set-constraint: \rst_n = 1'1
Import set-constraint: \enable = 1'0
Import set-constraint for this timestep: \enable = 1'1
Final constraint equation: { \enable \rst_n } = 2'11
Imported 1477 cells to SAT database.

Setting up time step 31:
Import set-constraint: \rst_n = 1'1
Import set-constraint: \enable = 1'0
Import set-constraint for this timestep: \enable = 1'1
Final constraint equation: { \enable \rst_n } = 2'11
Imported 1477 cells to SAT database.

Setting up time step 32:
Import set-constraint: \rst_n = 1'1
Import set-constraint: \enable = 1'0
Import set-constraint for this timestep: \enable = 1'1
Final constraint equation: { \enable \rst_n } = 2'11
Imported 1477 cells to SAT database.

Setting up time step 33:
Import set-constraint: \rst_n = 1'1
Import set-constraint: \enable = 1'0
Import set-constraint for this timestep: \enable = 1'1
Final constraint equation: { \enable \rst_n } = 2'11
Imported 1477 cells to SAT database.

Setting up time step 34:
Import set-constraint: \rst_n = 1'1
Import set-constraint: \enable = 1'0
Import set-constraint for this timestep: \enable = 1'1
Final constraint equation: { \enable \rst_n } = 2'11
Imported 1477 cells to SAT database.

Setting up time step 35:
Import set-constraint: \rst_n = 1'1
Import set-constraint: \enable = 1'0
Import set-constraint for this timestep: \enable = 1'1
Final constraint equation: { \enable \rst_n } = 2'11
Imported 1477 cells to SAT database.

Setting up time step 36:
Import set-constraint: \rst_n = 1'1
Import set-constraint: \enable = 1'0
Import set-constraint for this timestep: \enable = 1'1
Final constraint equation: { \enable \rst_n } = 2'11
Imported 1477 cells to SAT database.

Setting up time step 37:
Import set-constraint: \rst_n = 1'1
Import set-constraint: \enable = 1'0
Import set-constraint for this timestep: \enable = 1'1
Final constraint equation: { \enable \rst_n } = 2'11
Imported 1477 cells to SAT database.

Setting up time step 38:
Import set-constraint: \rst_n = 1'1
Import set-constraint: \enable = 1'0
Import set-constraint for this timestep: \enable = 1'1
Final constraint equation: { \enable \rst_n } = 2'11
Imported 1477 cells to SAT database.

Setting up time step 39:
Import set-constraint: \rst_n = 1'1
Import set-constraint: \enable = 1'0
Import set-constraint for this timestep: \enable = 1'1
Final constraint equation: { \enable \rst_n } = 2'11
Imported 1477 cells to SAT database.

Setting up time step 40:
Import set-constraint: \rst_n = 1'1
Import set-constraint: \enable = 1'0
Import set-constraint for this timestep: \enable = 1'1
Final constraint equation: { \enable \rst_n } = 2'11
Imported 1477 cells to SAT database.

Setting up time step 41:
Import set-constraint: \rst_n = 1'1
Import set-constraint: \enable = 1'0
Import set-constraint for this timestep: \enable = 1'1
Final constraint equation: { \enable \rst_n } = 2'11
Imported 1477 cells to SAT database.

Setting up time step 42:
Import set-constraint: \rst_n = 1'1
Import set-constraint: \enable = 1'0
Import set-constraint for this timestep: \enable = 1'1
Final constraint equation: { \enable \rst_n } = 2'11
Imported 1477 cells to SAT database.

Setting up time step 43:
Import set-constraint: \rst_n = 1'1
Import set-constraint: \enable = 1'0
Import set-constraint for this timestep: \enable = 1'1
Final constraint equation: { \enable \rst_n } = 2'11
Imported 1477 cells to SAT database.

Setting up time step 44:
Import set-constraint: \rst_n = 1'1
Import set-constraint: \enable = 1'0
Import set-constraint for this timestep: \enable = 1'1
Final constraint equation: { \enable \rst_n } = 2'11
Imported 1477 cells to SAT database.

Setting up time step 45:
Import set-constraint: \rst_n = 1'1
Import set-constraint: \enable = 1'0
Import set-constraint for this timestep: \enable = 1'1
Final constraint equation: { \enable \rst_n } = 2'11
Imported 1477 cells to SAT database.

Setting up time step 46:
Import set-constraint: \rst_n = 1'1
Import set-constraint: \enable = 1'0
Import set-constraint for this timestep: \enable = 1'1
Final constraint equation: { \enable \rst_n } = 2'11
Imported 1477 cells to SAT database.

Setting up time step 47:
Import set-constraint: \rst_n = 1'1
Import set-constraint: \enable = 1'0
Import set-constraint for this timestep: \enable = 1'1
Final constraint equation: { \enable \rst_n } = 2'11
Imported 1477 cells to SAT database.

Setting up time step 48:
Import set-constraint: \rst_n = 1'1
Import set-constraint: \enable = 1'0
Import set-constraint for this timestep: \enable = 1'1
Final constraint equation: { \enable \rst_n } = 2'11
Imported 1477 cells to SAT database.

Setting up time step 49:
Import set-constraint: \rst_n = 1'1
Import set-constraint: \enable = 1'0
Import set-constraint for this timestep: \enable = 1'1
Final constraint equation: { \enable \rst_n } = 2'11
Imported 1477 cells to SAT database.

Setting up time step 50:
Import set-constraint: \rst_n = 1'1
Import set-constraint: \enable = 1'0
Import set-constraint for this timestep: \enable = 1'1
Final constraint equation: { \enable \rst_n } = 2'11
Imported 1477 cells to SAT database.

Setting up time step 51:
Import set-constraint: \rst_n = 1'1
Import set-constraint: \enable = 1'0
Import set-constraint for this timestep: \enable = 1'1
Final constraint equation: { \enable \rst_n } = 2'11
Imported 1477 cells to SAT database.

Setting up time step 52:
Import set-constraint: \rst_n = 1'1
Import set-constraint: \enable = 1'0
Import set-constraint for this timestep: \enable = 1'1
Final constraint equation: { \enable \rst_n } = 2'11
Imported 1477 cells to SAT database.

Setting up time step 53:
Import set-constraint: \rst_n = 1'1
Import set-constraint: \enable = 1'0
Import set-constraint for this timestep: \enable = 1'1
Final constraint equation: { \enable \rst_n } = 2'11
Imported 1477 cells to SAT database.

Setting up time step 54:
Import set-constraint: \rst_n = 1'1
Import set-constraint: \enable = 1'0
Import set-constraint for this timestep: \enable = 1'1
Final constraint equation: { \enable \rst_n } = 2'11
Imported 1477 cells to SAT database.

Setting up time step 55:
Import set-constraint: \rst_n = 1'1
Import set-constraint: \enable = 1'0
Import set-constraint for this timestep: \enable = 1'1
Final constraint equation: { \enable \rst_n } = 2'11
Imported 1477 cells to SAT database.

Setting up time step 56:
Import set-constraint: \rst_n = 1'1
Import set-constraint: \enable = 1'0
Import set-constraint for this timestep: \enable = 1'1
Final constraint equation: { \enable \rst_n } = 2'11
Imported 1477 cells to SAT database.

Setting up time step 57:
Import set-constraint: \rst_n = 1'1
Import set-constraint: \enable = 1'0
Import set-constraint for this timestep: \enable = 1'1
Final constraint equation: { \enable \rst_n } = 2'11
Imported 1477 cells to SAT database.

Setting up time step 58:
Import set-constraint: \rst_n = 1'1
Import set-constraint: \enable = 1'0
Import set-constraint for this timestep: \enable = 1'1
Final constraint equation: { \enable \rst_n } = 2'11
Imported 1477 cells to SAT database.

Setting up time step 59:
Import set-constraint: \rst_n = 1'1
Import set-constraint: \enable = 1'0
Import set-constraint for this timestep: \enable = 1'1
Final constraint equation: { \enable \rst_n } = 2'11
Imported 1477 cells to SAT database.

Setting up time step 60:
Import set-constraint: \rst_n = 1'1
Import set-constraint: \enable = 1'0
Import set-constraint for this timestep: \enable = 1'1
Final constraint equation: { \enable \rst_n } = 2'11
Imported 1477 cells to SAT database.

Setting up time step 61:
Import set-constraint: \rst_n = 1'1
Import set-constraint: \enable = 1'0
Import set-constraint for this timestep: \enable = 1'1
Final constraint equation: { \enable \rst_n } = 2'11
Imported 1477 cells to SAT database.

Setting up time step 62:
Import set-constraint: \rst_n = 1'1
Import set-constraint: \enable = 1'0
Import set-constraint for this timestep: \enable = 1'1
Final constraint equation: { \enable \rst_n } = 2'11
Imported 1477 cells to SAT database.

Setting up time step 63:
Import set-constraint: \rst_n = 1'1
Import set-constraint: \enable = 1'0
Import set-constraint for this timestep: \enable = 1'1
Final constraint equation: { \enable \rst_n } = 2'11
Imported 1477 cells to SAT database.

Setting up time step 64:
Import set-constraint: \rst_n = 1'1
Import set-constraint: \enable = 1'0
Import set-constraint for this timestep: \enable = 1'1
Final constraint equation: { \enable \rst_n } = 2'11
Imported 1477 cells to SAT database.

Setting up time step 65:
Import set-constraint: \rst_n = 1'1
Import set-constraint: \enable = 1'0
Import set-constraint for this timestep: \enable = 1'1
Final constraint equation: { \enable \rst_n } = 2'11
Imported 1477 cells to SAT database.

Setting up time step 66:
Import set-constraint: \rst_n = 1'1
Import set-constraint: \enable = 1'0
Import set-constraint for this timestep: \enable = 1'1
Final constraint equation: { \enable \rst_n } = 2'11
Imported 1477 cells to SAT database.

Setting up time step 67:
Import set-constraint: \rst_n = 1'1
Import set-constraint: \enable = 1'0
Import set-constraint for this timestep: \enable = 1'1
Final constraint equation: { \enable \rst_n } = 2'11
Imported 1477 cells to SAT database.

Setting up time step 68:
Import set-constraint: \rst_n = 1'1
Import set-constraint: \enable = 1'0
Import set-constraint for this timestep: \enable = 1'1
Final constraint equation: { \enable \rst_n } = 2'11
Imported 1477 cells to SAT database.

Setting up time step 69:
Import set-constraint: \rst_n = 1'1
Import set-constraint: \enable = 1'0
Import set-constraint for this timestep: \enable = 1'1
Final constraint equation: { \enable \rst_n } = 2'11
Imported 1477 cells to SAT database.

Setting up time step 70:
Import set-constraint: \rst_n = 1'1
Import set-constraint: \enable = 1'0
Import set-constraint for this timestep: \enable = 1'1
Final constraint equation: { \enable \rst_n } = 2'11
Imported 1477 cells to SAT database.

Setting up time step 71:
Import set-constraint: \rst_n = 1'1
Import set-constraint: \enable = 1'0
Import set-constraint for this timestep: \enable = 1'1
Final constraint equation: { \enable \rst_n } = 2'11
Imported 1477 cells to SAT database.

Setting up time step 72:
Import set-constraint: \rst_n = 1'1
Import set-constraint: \enable = 1'0
Import set-constraint for this timestep: \enable = 1'1
Final constraint equation: { \enable \rst_n } = 2'11
Imported 1477 cells to SAT database.

Setting up time step 73:
Import set-constraint: \rst_n = 1'1
Import set-constraint: \enable = 1'0
Import set-constraint for this timestep: \enable = 1'1
Final constraint equation: { \enable \rst_n } = 2'11
Imported 1477 cells to SAT database.

Setting up time step 74:
Import set-constraint: \rst_n = 1'1
Import set-constraint: \enable = 1'0
Import set-constraint for this timestep: \enable = 1'1
Final constraint equation: { \enable \rst_n } = 2'11
Imported 1477 cells to SAT database.

Setting up time step 75:
Import set-constraint: \rst_n = 1'1
Import set-constraint: \enable = 1'0
Import set-constraint for this timestep: \enable = 1'1
Final constraint equation: { \enable \rst_n } = 2'11
Imported 1477 cells to SAT database.

Setting up time step 76:
Import set-constraint: \rst_n = 1'1
Import set-constraint: \enable = 1'0
Import set-constraint for this timestep: \enable = 1'1
Final constraint equation: { \enable \rst_n } = 2'11
Imported 1477 cells to SAT database.

Setting up time step 77:
Import set-constraint: \rst_n = 1'1
Import set-constraint: \enable = 1'0
Import set-constraint for this timestep: \enable = 1'1
Final constraint equation: { \enable \rst_n } = 2'11
Imported 1477 cells to SAT database.

Setting up time step 78:
Import set-constraint: \rst_n = 1'1
Import set-constraint: \enable = 1'0
Import set-constraint for this timestep: \enable = 1'1
Final constraint equation: { \enable \rst_n } = 2'11
Imported 1477 cells to SAT database.

Setting up time step 79:
Import set-constraint: \rst_n = 1'1
Import set-constraint: \enable = 1'0
Import set-constraint for this timestep: \enable = 1'1
Final constraint equation: { \enable \rst_n } = 2'11
Imported 1477 cells to SAT database.

Setting up time step 80:
Import set-constraint: \rst_n = 1'1
Import set-constraint: \enable = 1'0
Import set-constraint for this timestep: \enable = 1'1
Final constraint equation: { \enable \rst_n } = 2'11
Imported 1477 cells to SAT database.

Setting up time step 81:
Import set-constraint: \rst_n = 1'1
Import set-constraint: \enable = 1'0
Import set-constraint for this timestep: \enable = 1'1
Final constraint equation: { \enable \rst_n } = 2'11
Imported 1477 cells to SAT database.

Setting up time step 82:
Import set-constraint: \rst_n = 1'1
Import set-constraint: \enable = 1'0
Import set-constraint for this timestep: \enable = 1'1
Final constraint equation: { \enable \rst_n } = 2'11
Imported 1477 cells to SAT database.

Setting up time step 83:
Import set-constraint: \rst_n = 1'1
Import set-constraint: \enable = 1'0
Import set-constraint for this timestep: \enable = 1'1
Final constraint equation: { \enable \rst_n } = 2'11
Imported 1477 cells to SAT database.

Setting up time step 84:
Import set-constraint: \rst_n = 1'1
Import set-constraint: \enable = 1'0
Import set-constraint for this timestep: \enable = 1'1
Final constraint equation: { \enable \rst_n } = 2'11
Imported 1477 cells to SAT database.

Setting up time step 85:
Import set-constraint: \rst_n = 1'1
Import set-constraint: \enable = 1'0
Import set-constraint for this timestep: \enable = 1'1
Final constraint equation: { \enable \rst_n } = 2'11
Imported 1477 cells to SAT database.

Setting up time step 86:
Import set-constraint: \rst_n = 1'1
Import set-constraint: \enable = 1'0
Import set-constraint for this timestep: \enable = 1'1
Final constraint equation: { \enable \rst_n } = 2'11
Imported 1477 cells to SAT database.

Setting up time step 87:
Import set-constraint: \rst_n = 1'1
Import set-constraint: \enable = 1'0
Import set-constraint for this timestep: \enable = 1'1
Final constraint equation: { \enable \rst_n } = 2'11
Imported 1477 cells to SAT database.

Setting up time step 88:
Import set-constraint: \rst_n = 1'1
Import set-constraint: \enable = 1'0
Import set-constraint for this timestep: \enable = 1'1
Final constraint equation: { \enable \rst_n } = 2'11
Imported 1477 cells to SAT database.

Setting up time step 89:
Import set-constraint: \rst_n = 1'1
Import set-constraint: \enable = 1'0
Import set-constraint for this timestep: \enable = 1'1
Final constraint equation: { \enable \rst_n } = 2'11
Imported 1477 cells to SAT database.

Setting up time step 90:
Import set-constraint: \rst_n = 1'1
Import set-constraint: \enable = 1'0
Import set-constraint for this timestep: \enable = 1'1
Final constraint equation: { \enable \rst_n } = 2'11
Imported 1477 cells to SAT database.

Setting up time step 91:
Import set-constraint: \rst_n = 1'1
Import set-constraint: \enable = 1'0
Import set-constraint for this timestep: \enable = 1'1
Final constraint equation: { \enable \rst_n } = 2'11
Imported 1477 cells to SAT database.

Setting up time step 92:
Import set-constraint: \rst_n = 1'1
Import set-constraint: \enable = 1'0
Import set-constraint for this timestep: \enable = 1'1
Final constraint equation: { \enable \rst_n } = 2'11
Imported 1477 cells to SAT database.

Setting up time step 93:
Import set-constraint: \rst_n = 1'1
Import set-constraint: \enable = 1'0
Import set-constraint for this timestep: \enable = 1'1
Final constraint equation: { \enable \rst_n } = 2'11
Imported 1477 cells to SAT database.

Setting up time step 94:
Import set-constraint: \rst_n = 1'1
Import set-constraint: \enable = 1'0
Import set-constraint for this timestep: \enable = 1'1
Final constraint equation: { \enable \rst_n } = 2'11
Imported 1477 cells to SAT database.

Setting up time step 95:
Import set-constraint: \rst_n = 1'1
Import set-constraint: \enable = 1'0
Import set-constraint for this timestep: \enable = 1'1
Final constraint equation: { \enable \rst_n } = 2'11
Imported 1477 cells to SAT database.

Setting up time step 96:
Import set-constraint: \rst_n = 1'1
Import set-constraint: \enable = 1'0
Import set-constraint for this timestep: \enable = 1'1
Final constraint equation: { \enable \rst_n } = 2'11
Imported 1477 cells to SAT database.

Setting up time step 97:
Import set-constraint: \rst_n = 1'1
Import set-constraint: \enable = 1'0
Import set-constraint for this timestep: \enable = 1'1
Final constraint equation: { \enable \rst_n } = 2'11
Imported 1477 cells to SAT database.

Setting up time step 98:
Import set-constraint: \rst_n = 1'1
Import set-constraint: \enable = 1'0
Import set-constraint for this timestep: \enable = 1'1
Final constraint equation: { \enable \rst_n } = 2'11
Imported 1477 cells to SAT database.

Setting up time step 99:
Import set-constraint: \rst_n = 1'1
Import set-constraint: \enable = 1'0
Import set-constraint for this timestep: \enable = 1'1
Final constraint equation: { \enable \rst_n } = 2'11
Imported 1477 cells to SAT database.

Setting up time step 100:
Import set-constraint: \rst_n = 1'1
Import set-constraint: \enable = 1'0
Import set-constraint for this timestep: \enable = 1'1
Final constraint equation: { \enable \rst_n } = 2'11
Imported 1477 cells to SAT database.

Setting up time step 101:
Import set-constraint: \rst_n = 1'1
Import set-constraint: \enable = 1'0
Import set-constraint for this timestep: \enable = 1'1
Final constraint equation: { \enable \rst_n } = 2'11
Imported 1477 cells to SAT database.

Setting up time step 102:
Import set-constraint: \rst_n = 1'1
Import set-constraint: \enable = 1'0
Import set-constraint for this timestep: \enable = 1'1
Final constraint equation: { \enable \rst_n } = 2'11
Imported 1477 cells to SAT database.

Setting up time step 103:
Import set-constraint: \rst_n = 1'1
Import set-constraint: \enable = 1'0
Import set-constraint for this timestep: \enable = 1'1
Final constraint equation: { \enable \rst_n } = 2'11
Imported 1477 cells to SAT database.

Setting up time step 104:
Import set-constraint: \rst_n = 1'1
Import set-constraint: \enable = 1'0
Import set-constraint for this timestep: \enable = 1'1
Final constraint equation: { \enable \rst_n } = 2'11
Imported 1477 cells to SAT database.

Setting up time step 105:
Import set-constraint: \rst_n = 1'1
Import set-constraint: \enable = 1'0
Import set-constraint for this timestep: \enable = 1'1
Final constraint equation: { \enable \rst_n } = 2'11
Imported 1477 cells to SAT database.

Setting up time step 106:
Import set-constraint: \rst_n = 1'1
Import set-constraint: \enable = 1'0
Import set-constraint for this timestep: \enable = 1'1
Final constraint equation: { \enable \rst_n } = 2'11
Imported 1477 cells to SAT database.

Setting up time step 107:
Import set-constraint: \rst_n = 1'1
Import set-constraint: \enable = 1'0
Import set-constraint for this timestep: \enable = 1'1
Final constraint equation: { \enable \rst_n } = 2'11
Imported 1477 cells to SAT database.

Setting up time step 108:
Import set-constraint: \rst_n = 1'1
Import set-constraint: \enable = 1'0
Import set-constraint for this timestep: \enable = 1'1
Final constraint equation: { \enable \rst_n } = 2'11
Imported 1477 cells to SAT database.

Setting up time step 109:
Import set-constraint: \rst_n = 1'1
Import set-constraint: \enable = 1'0
Import set-constraint for this timestep: \enable = 1'1
Final constraint equation: { \enable \rst_n } = 2'11
Imported 1477 cells to SAT database.

Setting up time step 110:
Import set-constraint: \rst_n = 1'1
Import set-constraint: \enable = 1'0
Import set-constraint for this timestep: \enable = 1'1
Final constraint equation: { \enable \rst_n } = 2'11
Imported 1477 cells to SAT database.

Setting up time step 111:
Import set-constraint: \rst_n = 1'1
Import set-constraint: \enable = 1'0
Import set-constraint for this timestep: \enable = 1'1
Final constraint equation: { \enable \rst_n } = 2'11
Imported 1477 cells to SAT database.

Setting up time step 112:
Import set-constraint: \rst_n = 1'1
Import set-constraint: \enable = 1'0
Import set-constraint for this timestep: \enable = 1'1
Final constraint equation: { \enable \rst_n } = 2'11
Imported 1477 cells to SAT database.

Setting up time step 113:
Import set-constraint: \rst_n = 1'1
Import set-constraint: \enable = 1'0
Import set-constraint for this timestep: \enable = 1'1
Final constraint equation: { \enable \rst_n } = 2'11
Imported 1477 cells to SAT database.

Setting up time step 114:
Import set-constraint: \rst_n = 1'1
Import set-constraint: \enable = 1'0
Import set-constraint for this timestep: \enable = 1'1
Final constraint equation: { \enable \rst_n } = 2'11
Imported 1477 cells to SAT database.

Setting up time step 115:
Import set-constraint: \rst_n = 1'1
Import set-constraint: \enable = 1'0
Import set-constraint for this timestep: \enable = 1'1
Final constraint equation: { \enable \rst_n } = 2'11
Imported 1477 cells to SAT database.

Setting up time step 116:
Import set-constraint: \rst_n = 1'1
Import set-constraint: \enable = 1'0
Import set-constraint for this timestep: \enable = 1'1
Final constraint equation: { \enable \rst_n } = 2'11
Imported 1477 cells to SAT database.

Setting up time step 117:
Import set-constraint: \rst_n = 1'1
Import set-constraint: \enable = 1'0
Import set-constraint for this timestep: \enable = 1'1
Final constraint equation: { \enable \rst_n } = 2'11
Imported 1477 cells to SAT database.

Setting up time step 118:
Import set-constraint: \rst_n = 1'1
Import set-constraint: \enable = 1'0
Import set-constraint for this timestep: \enable = 1'1
Final constraint equation: { \enable \rst_n } = 2'11
Imported 1477 cells to SAT database.

Setting up time step 119:
Import set-constraint: \rst_n = 1'1
Import set-constraint: \enable = 1'0
Import set-constraint for this timestep: \enable = 1'1
Final constraint equation: { \enable \rst_n } = 2'11
Imported 1477 cells to SAT database.

Setting up time step 120:
Import set-constraint: \rst_n = 1'1
Import set-constraint: \enable = 1'0
Import set-constraint for this timestep: \enable = 1'1
Final constraint equation: { \enable \rst_n } = 2'11
Imported 1477 cells to SAT database.

Setting up time step 121:
Import set-constraint: \rst_n = 1'1
Import set-constraint: \enable = 1'0
Import set-constraint for this timestep: \enable = 1'1
Final constraint equation: { \enable \rst_n } = 2'11
Imported 1477 cells to SAT database.

Setting up time step 122:
Import set-constraint: \rst_n = 1'1
Import set-constraint: \enable = 1'0
Import set-constraint for this timestep: \enable = 1'1
Final constraint equation: { \enable \rst_n } = 2'11
Imported 1477 cells to SAT database.

Setting up time step 123:
Import set-constraint: \rst_n = 1'1
Import set-constraint: \enable = 1'0
Import set-constraint for this timestep: \enable = 1'1
Final constraint equation: { \enable \rst_n } = 2'11
Imported 1477 cells to SAT database.

Setting up time step 124:
Import set-constraint: \rst_n = 1'1
Import set-constraint: \enable = 1'0
Import set-constraint for this timestep: \enable = 1'1
Final constraint equation: { \enable \rst_n } = 2'11
Imported 1477 cells to SAT database.

Setting up time step 125:
Import set-constraint: \rst_n = 1'1
Import set-constraint: \enable = 1'0
Import set-constraint for this timestep: \enable = 1'1
Final constraint equation: { \enable \rst_n } = 2'11
Imported 1477 cells to SAT database.

Setting up time step 126:
Import set-constraint: \rst_n = 1'1
Import set-constraint: \enable = 1'0
Import set-constraint for this timestep: \I = 1'0
Final constraint equation: { \I \enable \rst_n } = 3'001
Imported 1477 cells to SAT database.

Setting up time step 127:
Import set-constraint: \rst_n = 1'1
Import set-constraint: \enable = 1'0
Import set-constraint for this timestep: \I = 1'0
Import set-constraint for this timestep: \O = 8'01000101
Import set-constraint for this timestep: \success = 1'0
Final constraint equation: { \success \O \I \enable \rst_n } = 12'001000101001
Imported 1477 cells to SAT database.

Setting up time step 128:
Import set-constraint: \rst_n = 1'1
Import set-constraint: \enable = 1'0
Import set-constraint for this timestep: \I = 1'0
Import set-constraint for this timestep: \O = 8'01001101
Import set-constraint for this timestep: \success = 1'0
Final constraint equation: { \success \O \I \enable \rst_n } = 12'001001101001
Imported 1477 cells to SAT database.

Setting up time step 129:
Import set-constraint: \rst_n = 1'1
Import set-constraint: \enable = 1'0
Import set-constraint for this timestep: \I = 1'0
Import set-constraint for this timestep: \O = 8'01010000
Import set-constraint for this timestep: \success = 1'0
Final constraint equation: { \success \O \I \enable \rst_n } = 12'001010000001
Imported 1477 cells to SAT database.

Setting up time step 130:
Import set-constraint: \rst_n = 1'1
Import set-constraint: \enable = 1'0
Import set-constraint for this timestep: \I = 1'0
Import set-constraint for this timestep: \O = 8'01010100
Import set-constraint for this timestep: \success = 1'0
Final constraint equation: { \success \O \I \enable \rst_n } = 12'001010100001
Imported 1477 cells to SAT database.

Setting up time step 131:
Import set-constraint: \rst_n = 1'1
Import set-constraint: \enable = 1'0
Import set-constraint for this timestep: \I = 1'0
Import set-constraint for this timestep: \O = 8'01011001
Import set-constraint for this timestep: \success = 1'0
Final constraint equation: { \success \O \I \enable \rst_n } = 12'001011001001
Imported 1477 cells to SAT database.

Setting up time step 132:
Import set-constraint: \rst_n = 1'1
Import set-constraint: \enable = 1'0
Import set-constraint for this timestep: \I = 1'0
Import set-constraint for this timestep: \O = 8'00100000
Import set-constraint for this timestep: \success = 1'0
Final constraint equation: { \success \O \I \enable \rst_n } = 12'000100000001
Imported 1477 cells to SAT database.

Setting up time step 133:
Import set-constraint: \rst_n = 1'1
Import set-constraint: \enable = 1'0
Import set-constraint for this timestep: \I = 1'0
Import set-constraint for this timestep: \O = 8'01010011
Import set-constraint for this timestep: \success = 1'0
Final constraint equation: { \success \O \I \enable \rst_n } = 12'001010011001
Imported 1477 cells to SAT database.

Setting up time step 134:
Import set-constraint: \rst_n = 1'1
Import set-constraint: \enable = 1'0
Import set-constraint for this timestep: \I = 1'0
Import set-constraint for this timestep: \O = 8'01001011
Import set-constraint for this timestep: \success = 1'0
Final constraint equation: { \success \O \I \enable \rst_n } = 12'001001011001
Imported 1477 cells to SAT database.

Setting up time step 135:
Import set-constraint: \rst_n = 1'1
Import set-constraint: \enable = 1'0
Import set-constraint for this timestep: \I = 1'0
Import set-constraint for this timestep: \O = 8'01011001
Import set-constraint for this timestep: \success = 1'0
Final constraint equation: { \success \O \I \enable \rst_n } = 12'001011001001
Imported 1477 cells to SAT database.

Setting up time step 136:
Import set-constraint: \rst_n = 1'1
Import set-constraint: \enable = 1'0
Import set-constraint for this timestep: \I = 1'0
Import set-constraint for this timestep: \O = 8'00000000
Import set-constraint for this timestep: \success = 1'0
Final constraint equation: { \success \O \I \enable \rst_n } = 12'000000000001
Imported 1477 cells to SAT database.

Setting up time step 137:
Import set-constraint: \rst_n = 1'1
Import set-constraint: \enable = 1'0
Import set-constraint for this timestep: \I = 1'0
Import set-constraint for this timestep: \O = 8'00000000
Import set-constraint for this timestep: \success = 1'0
Final constraint equation: { \success \O \I \enable \rst_n } = 12'000000000001
Imported 1477 cells to SAT database.

Setting up time step 138:
Import set-constraint: \rst_n = 1'1
Import set-constraint: \enable = 1'0
Import set-constraint for this timestep: \I = 1'0
Import set-constraint for this timestep: \O = 8'00000000
Import set-constraint for this timestep: \success = 1'0
Final constraint equation: { \success \O \I \enable \rst_n } = 12'000000000001
Imported 1477 cells to SAT database.

Setting up time step 139:
Import set-constraint: \rst_n = 1'1
Import set-constraint: \enable = 1'0
Import set-constraint for this timestep: \I = 1'0
Import set-constraint for this timestep: \O = 8'00000000
Import set-constraint for this timestep: \success = 1'0
Final constraint equation: { \success \O \I \enable \rst_n } = 12'000000000001
Imported 1477 cells to SAT database.

Setting up time step 140:
Import set-constraint: \rst_n = 1'1
Import set-constraint: \enable = 1'0
Import set-constraint for this timestep: \I = 1'0
Import set-constraint for this timestep: \O = 8'00000000
Import set-constraint for this timestep: \success = 1'0
Final constraint equation: { \success \O \I \enable \rst_n } = 12'000000000001
Imported 1477 cells to SAT database.

Setting up time step 141:
Import set-constraint: \rst_n = 1'1
Import set-constraint: \enable = 1'0
Import set-constraint for this timestep: \I = 1'0
Import set-constraint for this timestep: \O = 8'00000000
Import set-constraint for this timestep: \success = 1'0
Final constraint equation: { \success \O \I \enable \rst_n } = 12'000000000001
Imported 1477 cells to SAT database.

Setting up time step 142:
Import set-constraint: \rst_n = 1'1
Import set-constraint: \enable = 1'0
Import set-constraint for this timestep: \I = 1'0
Import set-constraint for this timestep: \O = 8'00000000
Import set-constraint for this timestep: \success = 1'0
Final constraint equation: { \success \O \I \enable \rst_n } = 12'000000000001
Imported 1477 cells to SAT database.

Setting up time step 143:
Import set-constraint: \rst_n = 1'1
Import set-constraint: \enable = 1'0
Import set-constraint for this timestep: \I = 1'0
Import set-constraint for this timestep: \O = 8'00000000
Import set-constraint for this timestep: \success = 1'0
Final constraint equation: { \success \O \I \enable \rst_n } = 12'000000000001
Imported 1477 cells to SAT database.

Setting up time step 144:
Import set-constraint: \rst_n = 1'1
Import set-constraint: \enable = 1'0
Import set-constraint for this timestep: \I = 1'0
Import set-constraint for this timestep: \O = 8'00000000
Import set-constraint for this timestep: \success = 1'0
Final constraint equation: { \success \O \I \enable \rst_n } = 12'000000000001
Imported 1477 cells to SAT database.

Setting up time step 145:
Import set-constraint: \rst_n = 1'1
Import set-constraint: \enable = 1'0
Import set-constraint for this timestep: \I = 1'0
Import set-constraint for this timestep: \O = 8'00000000
Import set-constraint for this timestep: \success = 1'0
Final constraint equation: { \success \O \I \enable \rst_n } = 12'000000000001
Imported 1477 cells to SAT database.

Setting up time step 146:
Import set-constraint: \rst_n = 1'1
Import set-constraint: \enable = 1'0
Import set-constraint for this timestep: \I = 1'0
Import set-constraint for this timestep: \O = 8'00000000
Import set-constraint for this timestep: \success = 1'0
Final constraint equation: { \success \O \I \enable \rst_n } = 12'000000000001
Imported 1477 cells to SAT database.

Setting up time step 147:
Import set-constraint: \rst_n = 1'1
Import set-constraint: \enable = 1'0
Import set-constraint for this timestep: \I = 1'0
Import set-constraint for this timestep: \O = 8'00000000
Import set-constraint for this timestep: \success = 1'0
Final constraint equation: { \success \O \I \enable \rst_n } = 12'000000000001
Imported 1477 cells to SAT database.

Setting up time step 148:
Import set-constraint: \rst_n = 1'1
Import set-constraint: \enable = 1'0
Import set-constraint for this timestep: \I = 1'0
Import set-constraint for this timestep: \O = 8'00000000
Import set-constraint for this timestep: \success = 1'0
Final constraint equation: { \success \O \I \enable \rst_n } = 12'000000000001
Imported 1477 cells to SAT database.

Setting up time step 149:
Import set-constraint: \rst_n = 1'1
Import set-constraint: \enable = 1'0
Import set-constraint for this timestep: \I = 1'0
Import set-constraint for this timestep: \O = 8'00000000
Import set-constraint for this timestep: \success = 1'0
Final constraint equation: { \success \O \I \enable \rst_n } = 12'000000000001
Imported 1477 cells to SAT database.

Setting up time step 150:
Import set-constraint: \rst_n = 1'1
Import set-constraint: \enable = 1'0
Import set-constraint for this timestep: \I = 1'0
Import set-constraint for this timestep: \O = 8'00000000
Import set-constraint for this timestep: \success = 1'0
Final constraint equation: { \success \O \I \enable \rst_n } = 12'000000000001
Imported 1477 cells to SAT database.

Setting up time step 151:
Import set-constraint: \rst_n = 1'1
Import set-constraint: \enable = 1'0
Import set-constraint for this timestep: \I = 1'0
Import set-constraint for this timestep: \O = 8'00000000
Import set-constraint for this timestep: \success = 1'0
Final constraint equation: { \success \O \I \enable \rst_n } = 12'000000000001
Imported 1477 cells to SAT database.

Setting up time step 152:
Import set-constraint: \rst_n = 1'1
Import set-constraint: \enable = 1'0
Import set-constraint for this timestep: \I = 1'0
Import set-constraint for this timestep: \O = 8'00000000
Import set-constraint for this timestep: \success = 1'0
Final constraint equation: { \success \O \I \enable \rst_n } = 12'000000000001
Imported 1477 cells to SAT database.

Setting up time step 153:
Import set-constraint: \rst_n = 1'1
Import set-constraint: \enable = 1'0
Import set-constraint for this timestep: \I = 1'0
Import set-constraint for this timestep: \O = 8'00000000
Import set-constraint for this timestep: \success = 1'0
Final constraint equation: { \success \O \I \enable \rst_n } = 12'000000000001
Imported 1477 cells to SAT database.

Setting up time step 154:
Import set-constraint: \rst_n = 1'1
Import set-constraint: \enable = 1'0
Import set-constraint for this timestep: \I = 1'0
Import set-constraint for this timestep: \O = 8'00000000
Import set-constraint for this timestep: \success = 1'0
Final constraint equation: { \success \O \I \enable \rst_n } = 12'000000000001
Imported 1477 cells to SAT database.

Setting up time step 155:
Import set-constraint: \rst_n = 1'1
Import set-constraint: \enable = 1'0
Import set-constraint for this timestep: \I = 1'0
Import set-constraint for this timestep: \O = 8'00000000
Import set-constraint for this timestep: \success = 1'0
Final constraint equation: { \success \O \I \enable \rst_n } = 12'000000000001
Imported 1477 cells to SAT database.

Setting up time step 156:
Import set-constraint: \rst_n = 1'1
Import set-constraint: \enable = 1'0
Import set-constraint for this timestep: \I = 1'0
Import set-constraint for this timestep: \O = 8'00000000
Import set-constraint for this timestep: \success = 1'0
Final constraint equation: { \success \O \I \enable \rst_n } = 12'000000000001
Imported 1477 cells to SAT database.

Setting up time step 157:
Import set-constraint: \rst_n = 1'1
Import set-constraint: \enable = 1'0
Import set-constraint for this timestep: \I = 1'0
Import set-constraint for this timestep: \O = 8'00000000
Import set-constraint for this timestep: \success = 1'0
Final constraint equation: { \success \O \I \enable \rst_n } = 12'000000000001
Imported 1477 cells to SAT database.

Setting up time step 158:
Import set-constraint: \rst_n = 1'1
Import set-constraint: \enable = 1'0
Import set-constraint for this timestep: \I = 1'0
Import set-constraint for this timestep: \O = 8'00000000
Import set-constraint for this timestep: \success = 1'0
Final constraint equation: { \success \O \I \enable \rst_n } = 12'000000000001
Imported 1477 cells to SAT database.

Setting up time step 159:
Import set-constraint: \rst_n = 1'1
Import set-constraint: \enable = 1'0
Import set-constraint for this timestep: \I = 1'0
Import set-constraint for this timestep: \O = 8'00000000
Import set-constraint for this timestep: \success = 1'0
Final constraint equation: { \success \O \I \enable \rst_n } = 12'000000000001
Imported 1477 cells to SAT database.

Setting up time step 160:
Import set-constraint: \rst_n = 1'1
Import set-constraint: \enable = 1'0
Import set-constraint for this timestep: \I = 1'0
Import set-constraint for this timestep: \O = 8'00000000
Import set-constraint for this timestep: \success = 1'0
Final constraint equation: { \success \O \I \enable \rst_n } = 12'000000000001
Imported 1477 cells to SAT database.

Setting up time step 161:
Import set-constraint: \rst_n = 1'1
Import set-constraint: \enable = 1'0
Import set-constraint for this timestep: \I = 1'0
Import set-constraint for this timestep: \O = 8'00000000
Import set-constraint for this timestep: \success = 1'0
Final constraint equation: { \success \O \I \enable \rst_n } = 12'000000000001
Imported 1477 cells to SAT database.

Setting up time step 162:
Import set-constraint: \rst_n = 1'1
Import set-constraint: \enable = 1'0
Import set-constraint for this timestep: \I = 1'0
Import set-constraint for this timestep: \O = 8'00000000
Import set-constraint for this timestep: \success = 1'0
Final constraint equation: { \success \O \I \enable \rst_n } = 12'000000000001
Imported 1477 cells to SAT database.

Setting up time step 163:
Import set-constraint: \rst_n = 1'1
Import set-constraint: \enable = 1'0
Import set-constraint for this timestep: \I = 1'0
Import set-constraint for this timestep: \O = 8'00000000
Import set-constraint for this timestep: \success = 1'0
Final constraint equation: { \success \O \I \enable \rst_n } = 12'000000000001
Imported 1477 cells to SAT database.

Setting up time step 164:
Import set-constraint: \rst_n = 1'1
Import set-constraint: \enable = 1'0
Import set-constraint for this timestep: \I = 1'0
Import set-constraint for this timestep: \O = 8'00000000
Import set-constraint for this timestep: \success = 1'0
Final constraint equation: { \success \O \I \enable \rst_n } = 12'000000000001
Imported 1477 cells to SAT database.

Setting up time step 165:
Import set-constraint: \rst_n = 1'1
Import set-constraint: \enable = 1'0
Import set-constraint for this timestep: \I = 1'0
Import set-constraint for this timestep: \O = 8'00000000
Import set-constraint for this timestep: \success = 1'0
Final constraint equation: { \success \O \I \enable \rst_n } = 12'000000000001
Imported 1477 cells to SAT database.

Setting up time step 166:
Import set-constraint: \rst_n = 1'1
Import set-constraint: \enable = 1'0
Import set-constraint for this timestep: \I = 1'0
Import set-constraint for this timestep: \O = 8'00000000
Import set-constraint for this timestep: \success = 1'0
Final constraint equation: { \success \O \I \enable \rst_n } = 12'000000000001
Imported 1477 cells to SAT database.

Setting up time step 167:
Import set-constraint: \rst_n = 1'1
Import set-constraint: \enable = 1'0
Import set-constraint for this timestep: \I = 1'0
Import set-constraint for this timestep: \O = 8'00000000
Import set-constraint for this timestep: \success = 1'0
Final constraint equation: { \success \O \I \enable \rst_n } = 12'000000000001
Imported 1477 cells to SAT database.

Setting up time step 168:
Import set-constraint: \rst_n = 1'1
Import set-constraint: \enable = 1'0
Import set-constraint for this timestep: \I = 1'0
Import set-constraint for this timestep: \O = 8'00000000
Import set-constraint for this timestep: \success = 1'0
Final constraint equation: { \success \O \I \enable \rst_n } = 12'000000000001
Imported 1477 cells to SAT database.

Setting up time step 169:
Import set-constraint: \rst_n = 1'1
Import set-constraint: \enable = 1'0
Import set-constraint for this timestep: \I = 1'0
Import set-constraint for this timestep: \O = 8'00000000
Import set-constraint for this timestep: \success = 1'0
Final constraint equation: { \success \O \I \enable \rst_n } = 12'000000000001
Imported 1477 cells to SAT database.

Setting up time step 170:
Import set-constraint: \rst_n = 1'1
Import set-constraint: \enable = 1'0
Import set-constraint for this timestep: \I = 1'0
Import set-constraint for this timestep: \O = 8'00000000
Import set-constraint for this timestep: \success = 1'0
Final constraint equation: { \success \O \I \enable \rst_n } = 12'000000000001
Imported 1477 cells to SAT database.

Setting up time step 171:
Import set-constraint: \rst_n = 1'1
Import set-constraint: \enable = 1'0
Import set-constraint for this timestep: \I = 1'0
Import set-constraint for this timestep: \O = 8'00000000
Import set-constraint for this timestep: \success = 1'0
Final constraint equation: { \success \O \I \enable \rst_n } = 12'000000000001
Imported 1477 cells to SAT database.

Setting up time step 172:
Import set-constraint: \rst_n = 1'1
Import set-constraint: \enable = 1'0
Import set-constraint for this timestep: \I = 1'0
Import set-constraint for this timestep: \O = 8'00000000
Import set-constraint for this timestep: \success = 1'0
Final constraint equation: { \success \O \I \enable \rst_n } = 12'000000000001
Imported 1477 cells to SAT database.

Setting up time step 173:
Import set-constraint: \rst_n = 1'1
Import set-constraint: \enable = 1'0
Import set-constraint for this timestep: \I = 1'0
Import set-constraint for this timestep: \O = 8'00000000
Import set-constraint for this timestep: \success = 1'0
Final constraint equation: { \success \O \I \enable \rst_n } = 12'000000000001
Imported 1477 cells to SAT database.

Setting up time step 174:
Import set-constraint: \rst_n = 1'1
Import set-constraint: \enable = 1'0
Import set-constraint for this timestep: \I = 1'0
Import set-constraint for this timestep: \O = 8'00000000
Import set-constraint for this timestep: \success = 1'0
Final constraint equation: { \success \O \I \enable \rst_n } = 12'000000000001
Imported 1477 cells to SAT database.

Setting up time step 175:
Import set-constraint: \rst_n = 1'1
Import set-constraint: \enable = 1'0
Import set-constraint for this timestep: \I = 1'0
Import set-constraint for this timestep: \O = 8'00000000
Import set-constraint for this timestep: \success = 1'0
Final constraint equation: { \success \O \I \enable \rst_n } = 12'000000000001
Imported 1477 cells to SAT database.

Setting up time step 176:
Import set-constraint: \rst_n = 1'1
Import set-constraint: \enable = 1'0
Import set-constraint for this timestep: \I = 1'0
Import set-constraint for this timestep: \O = 8'00000000
Import set-constraint for this timestep: \success = 1'0
Final constraint equation: { \success \O \I \enable \rst_n } = 12'000000000001
Imported 1477 cells to SAT database.

Setting up time step 177:
Import set-constraint: \rst_n = 1'1
Import set-constraint: \enable = 1'0
Import set-constraint for this timestep: \I = 1'0
Import set-constraint for this timestep: \O = 8'00000000
Import set-constraint for this timestep: \success = 1'0
Final constraint equation: { \success \O \I \enable \rst_n } = 12'000000000001
Imported 1477 cells to SAT database.

Setting up time step 178:
Import set-constraint: \rst_n = 1'1
Import set-constraint: \enable = 1'0
Import set-constraint for this timestep: \I = 1'0
Import set-constraint for this timestep: \O = 8'00000000
Import set-constraint for this timestep: \success = 1'0
Final constraint equation: { \success \O \I \enable \rst_n } = 12'000000000001
Imported 1477 cells to SAT database.

Setting up time step 179:
Import set-constraint: \rst_n = 1'1
Import set-constraint: \enable = 1'0
Import set-constraint for this timestep: \I = 1'0
Import set-constraint for this timestep: \O = 8'00000000
Import set-constraint for this timestep: \success = 1'0
Final constraint equation: { \success \O \I \enable \rst_n } = 12'000000000001
Imported 1477 cells to SAT database.

Setting up time step 180:
Import set-constraint: \rst_n = 1'1
Import set-constraint: \enable = 1'0
Import set-constraint for this timestep: \I = 1'0
Import set-constraint for this timestep: \O = 8'00000000
Import set-constraint for this timestep: \success = 1'0
Final constraint equation: { \success \O \I \enable \rst_n } = 12'000000000001
Imported 1477 cells to SAT database.

Setting up time step 181:
Import set-constraint: \rst_n = 1'1
Import set-constraint: \enable = 1'0
Import set-constraint for this timestep: \I = 1'0
Import set-constraint for this timestep: \O = 8'00000000
Import set-constraint for this timestep: \success = 1'0
Final constraint equation: { \success \O \I \enable \rst_n } = 12'000000000001
Imported 1477 cells to SAT database.

Setting up time step 182:
Import set-constraint: \rst_n = 1'1
Import set-constraint: \enable = 1'0
Import set-constraint for this timestep: \I = 1'0
Import set-constraint for this timestep: \O = 8'00000000
Import set-constraint for this timestep: \success = 1'0
Final constraint equation: { \success \O \I \enable \rst_n } = 12'000000000001
Imported 1477 cells to SAT database.

Setting up time step 183:
Import set-constraint: \rst_n = 1'1
Import set-constraint: \enable = 1'0
Import set-constraint for this timestep: \I = 1'0
Import set-constraint for this timestep: \O = 8'00000000
Import set-constraint for this timestep: \success = 1'0
Final constraint equation: { \success \O \I \enable \rst_n } = 12'000000000001
Imported 1477 cells to SAT database.

Setting up time step 184:
Import set-constraint: \rst_n = 1'1
Import set-constraint: \enable = 1'0
Import set-constraint for this timestep: \I = 1'0
Import set-constraint for this timestep: \O = 8'00000000
Import set-constraint for this timestep: \success = 1'0
Final constraint equation: { \success \O \I \enable \rst_n } = 12'000000000001
Imported 1477 cells to SAT database.

Setting up time step 185:
Import set-constraint: \rst_n = 1'1
Import set-constraint: \enable = 1'0
Import set-constraint for this timestep: \I = 1'0
Import set-constraint for this timestep: \O = 8'00000000
Import set-constraint for this timestep: \success = 1'0
Final constraint equation: { \success \O \I \enable \rst_n } = 12'000000000001
Imported 1477 cells to SAT database.

Setting up time step 186:
Import set-constraint: \rst_n = 1'1
Import set-constraint: \enable = 1'0
Import set-constraint for this timestep: \I = 1'0
Import set-constraint for this timestep: \O = 8'00000000
Import set-constraint for this timestep: \success = 1'0
Final constraint equation: { \success \O \I \enable \rst_n } = 12'000000000001
Imported 1477 cells to SAT database.

Setting up time step 187:
Import set-constraint: \rst_n = 1'1
Import set-constraint: \enable = 1'0
Import set-constraint for this timestep: \I = 1'0
Import set-constraint for this timestep: \O = 8'00000000
Import set-constraint for this timestep: \success = 1'0
Final constraint equation: { \success \O \I \enable \rst_n } = 12'000000000001
Imported 1477 cells to SAT database.

Setting up time step 188:
Import set-constraint: \rst_n = 1'1
Import set-constraint: \enable = 1'0
Import set-constraint for this timestep: \I = 1'0
Import set-constraint for this timestep: \O = 8'00000000
Import set-constraint for this timestep: \success = 1'0
Final constraint equation: { \success \O \I \enable \rst_n } = 12'000000000001
Imported 1477 cells to SAT database.

Setting up time step 189:
Import set-constraint: \rst_n = 1'1
Import set-constraint: \enable = 1'0
Import set-constraint for this timestep: \I = 1'0
Import set-constraint for this timestep: \O = 8'00000000
Import set-constraint for this timestep: \success = 1'0
Final constraint equation: { \success \O \I \enable \rst_n } = 12'000000000001
Imported 1477 cells to SAT database.

Setting up time step 190:
Import set-constraint: \rst_n = 1'1
Import set-constraint: \enable = 1'0
Import set-constraint for this timestep: \I = 1'0
Import set-constraint for this timestep: \O = 8'00000000
Import set-constraint for this timestep: \success = 1'0
Final constraint equation: { \success \O \I \enable \rst_n } = 12'000000000001
Imported 1477 cells to SAT database.

Setting up time step 191:
Import set-constraint: \rst_n = 1'1
Import set-constraint: \enable = 1'0
Import set-constraint for this timestep: \I = 1'0
Import set-constraint for this timestep: \O = 8'00000000
Import set-constraint for this timestep: \success = 1'0
Final constraint equation: { \success \O \I \enable \rst_n } = 12'000000000001
Imported 1477 cells to SAT database.

Setting up time step 192:
Import set-constraint: \rst_n = 1'1
Import set-constraint: \enable = 1'0
Import set-constraint for this timestep: \I = 1'0
Import set-constraint for this timestep: \O = 8'00000000
Import set-constraint for this timestep: \success = 1'0
Final constraint equation: { \success \O \I \enable \rst_n } = 12'000000000001
Imported 1477 cells to SAT database.

Setting up time step 193:
Import set-constraint: \rst_n = 1'1
Import set-constraint: \enable = 1'0
Import set-constraint for this timestep: \I = 1'0
Import set-constraint for this timestep: \O = 8'00000000
Import set-constraint for this timestep: \success = 1'0
Final constraint equation: { \success \O \I \enable \rst_n } = 12'000000000001
Imported 1477 cells to SAT database.

Setting up time step 194:
Import set-constraint: \rst_n = 1'1
Import set-constraint: \enable = 1'0
Import set-constraint for this timestep: \I = 1'0
Import set-constraint for this timestep: \O = 8'00000000
Import set-constraint for this timestep: \success = 1'0
Final constraint equation: { \success \O \I \enable \rst_n } = 12'000000000001
Imported 1477 cells to SAT database.

Setting up time step 195:
Import set-constraint: \rst_n = 1'1
Import set-constraint: \enable = 1'0
Import set-constraint for this timestep: \I = 1'0
Import set-constraint for this timestep: \O = 8'00000000
Import set-constraint for this timestep: \success = 1'0
Final constraint equation: { \success \O \I \enable \rst_n } = 12'000000000001
Imported 1477 cells to SAT database.

Setting up time step 196:
Import set-constraint: \rst_n = 1'1
Import set-constraint: \enable = 1'0
Import set-constraint for this timestep: \I = 1'0
Import set-constraint for this timestep: \O = 8'00000000
Import set-constraint for this timestep: \success = 1'0
Final constraint equation: { \success \O \I \enable \rst_n } = 12'000000000001
Imported 1477 cells to SAT database.

Setting up time step 197:
Import set-constraint: \rst_n = 1'1
Import set-constraint: \enable = 1'0
Import set-constraint for this timestep: \I = 1'0
Import set-constraint for this timestep: \O = 8'00000000
Import set-constraint for this timestep: \success = 1'0
Final constraint equation: { \success \O \I \enable \rst_n } = 12'000000000001
Imported 1477 cells to SAT database.

Setting up time step 198:
Import set-constraint: \rst_n = 1'1
Import set-constraint: \enable = 1'0
Import set-constraint for this timestep: \I = 1'0
Import set-constraint for this timestep: \O = 8'00000000
Import set-constraint for this timestep: \success = 1'0
Final constraint equation: { \success \O \I \enable \rst_n } = 12'000000000001
Imported 1477 cells to SAT database.

Setting up time step 199:
Import set-constraint: \rst_n = 1'1
Import set-constraint: \enable = 1'0
Import set-constraint for this timestep: \I = 1'0
Import set-constraint for this timestep: \O = 8'00000000
Import set-constraint for this timestep: \success = 1'0
Final constraint equation: { \success \O \I \enable \rst_n } = 12'000000000001
Imported 1477 cells to SAT database.

Setting up time step 200:
Import set-constraint: \rst_n = 1'1
Import set-constraint: \enable = 1'0
Import set-constraint for this timestep: \I = 1'0
Import set-constraint for this timestep: \O = 8'00000000
Import set-constraint for this timestep: \success = 1'0
Final constraint equation: { \success \O \I \enable \rst_n } = 12'000000000001
Imported 1477 cells to SAT database.
Import show expression: \I
Import show expression: \O
Import show expression: \success

Solving problem with 1484027 variables and 3860622 clauses..
SAT solving finished - model found:

  Time Signal Name                                       Dec       Hex           Bin
  ---- ----------------------------------------- ----------- --------- -------------
  init $auto$async2sync.cc:253:execute$2098                0         0             0
  init $auto$async2sync.cc:253:execute$2100                0         0             0
  init $auto$async2sync.cc:253:execute$2102                0         0             0
  init $auto$async2sync.cc:253:execute$2104                0         0             0
  init $auto$async2sync.cc:253:execute$2106                0         0             0
  init $auto$async2sync.cc:253:execute$2108                0         0             0
  init $auto$async2sync.cc:253:execute$2110                0         0             0
  init $auto$async2sync.cc:253:execute$2112                0         0             0
  init $auto$async2sync.cc:253:execute$2114                0         0             0
  init $auto$async2sync.cc:253:execute$2116                0         0             0
  init $auto$async2sync.cc:253:execute$2118                0         0             0
  init $auto$async2sync.cc:253:execute$2120                0         0             0
  init $auto$async2sync.cc:253:execute$2122                0         0             0
  init $auto$async2sync.cc:253:execute$2124                0         0             0
  init $auto$async2sync.cc:253:execute$2126                0         0             0
  init $auto$async2sync.cc:253:execute$2128                0         0             0
  init $auto$async2sync.cc:253:execute$2130                0         0             0
  init $auto$async2sync.cc:253:execute$2132                0         0             0
  init $auto$async2sync.cc:253:execute$2134                0         0             0
  init $auto$async2sync.cc:253:execute$2136                0         0             0
  init $auto$async2sync.cc:253:execute$2138                0         0             0
  init $auto$async2sync.cc:253:execute$2140                0         0             0
  init $auto$async2sync.cc:253:execute$2142                0         0             0
  init $auto$async2sync.cc:253:execute$2144                0         0             0
  init $auto$async2sync.cc:253:execute$2146                0         0             0
  init $auto$async2sync.cc:253:execute$2148                0         0             0
  init $auto$async2sync.cc:253:execute$2150                0         0             0
  init $auto$async2sync.cc:253:execute$2152                0         0             0
  init $auto$async2sync.cc:253:execute$2154                0         0             0
  init $auto$async2sync.cc:253:execute$2156                0         0             0
  init $auto$async2sync.cc:253:execute$2158                0         0             0
  init $auto$async2sync.cc:253:execute$2160                0         0             0
  init $auto$async2sync.cc:253:execute$2162                0         0             0
  init $auto$async2sync.cc:253:execute$2164                0         0             0
  init $auto$async2sync.cc:253:execute$2166                0         0             0
  init $auto$async2sync.cc:253:execute$2168                0         0             0
  init $auto$async2sync.cc:253:execute$2170                0         0             0
  init $auto$async2sync.cc:253:execute$2172                0         0             0
  init $auto$async2sync.cc:253:execute$2174                0         0             0
  init $auto$async2sync.cc:253:execute$2176                0         0             0
  init $auto$async2sync.cc:253:execute$2178                0         0             0
  init $auto$async2sync.cc:253:execute$2180                0         0             0
  init $auto$async2sync.cc:253:execute$2182                0         0             0
  init $auto$async2sync.cc:253:execute$2184                0         0             0
  init $auto$async2sync.cc:253:execute$2186                0         0             0
  init $auto$async2sync.cc:253:execute$2188                0         0             0
  init $auto$async2sync.cc:253:execute$2190                0         0             0
  init $auto$async2sync.cc:253:execute$2192                0         0             0
  init $auto$async2sync.cc:253:execute$2194                0         0             0
  init $auto$async2sync.cc:253:execute$2196                0         0             0
  init $auto$async2sync.cc:253:execute$2198                0         0             0
  init $auto$async2sync.cc:253:execute$2200                0         0             0
  init $auto$async2sync.cc:253:execute$2202                0         0             0
  init $auto$async2sync.cc:253:execute$2204                0         0             0
  init $auto$async2sync.cc:253:execute$2206                0         0             0
  init $auto$async2sync.cc:253:execute$2208                0         0             0
  init $auto$async2sync.cc:253:execute$2210                0         0             0
  init $auto$async2sync.cc:253:execute$2212                0         0             0
  init $auto$async2sync.cc:253:execute$2214                0         0             0
  init $auto$async2sync.cc:253:execute$2216                0         0             0
  init $auto$async2sync.cc:253:execute$2218                0         0             0
  init $auto$async2sync.cc:253:execute$2220                0         0             0
  init $auto$async2sync.cc:253:execute$2222                0         0             0
  init $auto$async2sync.cc:253:execute$2224                0         0             0
  init $auto$async2sync.cc:253:execute$2226                0         0             0
  init $auto$async2sync.cc:253:execute$2228                0         0             0
  init $auto$async2sync.cc:253:execute$2230                0         0             0
  init $auto$async2sync.cc:253:execute$2232                0         0             0
  init $auto$async2sync.cc:253:execute$2234                0         0             0
  init $auto$async2sync.cc:253:execute$2236                0         0             0
  init $auto$async2sync.cc:253:execute$2238                0         0             0
  init $auto$async2sync.cc:253:execute$2240                0         0             0
  init $auto$async2sync.cc:253:execute$2242                0         0             0
  init $auto$async2sync.cc:253:execute$2244                0         0             0
  init $auto$async2sync.cc:253:execute$2246                0         0             0
  init $auto$async2sync.cc:253:execute$2248                0         0             0
  init $auto$async2sync.cc:253:execute$2250                0         0             0
  init $auto$async2sync.cc:253:execute$2252                0         0             0
  init $auto$async2sync.cc:253:execute$2254                0         0             0
  init $auto$async2sync.cc:253:execute$2256                0         0             0
  init $auto$async2sync.cc:253:execute$2258                0         0             0
  init $auto$async2sync.cc:253:execute$2260                0         0             0
  init $auto$async2sync.cc:253:execute$2262                0         0             0
  init $auto$async2sync.cc:253:execute$2264                0         0             0
  init $auto$async2sync.cc:253:execute$2266                0         0             0
  init $auto$async2sync.cc:253:execute$2268                0         0             0
  init $auto$async2sync.cc:253:execute$2270                0         0             0
  init $auto$async2sync.cc:253:execute$2272                0         0             0
  init \n68_reg                                            0         0             0
  init \n6_reg                                             0         0             0
  init \n73_reg                                            0         0             0
  init \n8_reg                                             0         0             0
  ---- ----------------------------------------- ----------- --------- -------------
     1 \I                                                  0         0             0
     1 \O                                                  0         0      00000000
     1 \success                                            0         0             0
  ---- ----------------------------------------- ----------- --------- -------------
     2 \I                                                  0         0             0
     2 \O                                                  0         0      00000000
     2 \success                                            0         0             0
  ---- ----------------------------------------- ----------- --------- -------------
     3 \I                                                  0         0             0
     3 \O                                                  0         0      00000000
     3 \success                                            0         0             0
  ---- ----------------------------------------- ----------- --------- -------------
     4 \I                                                  0         0             0
     4 \O                                                  0         0      00000000
     4 \success                                            0         0             0
  ---- ----------------------------------------- ----------- --------- -------------
     5 \I                                                  0         0             0
     5 \O                                                  0         0      00000000
     5 \success                                            0         0             0
  ---- ----------------------------------------- ----------- --------- -------------
     6 \I                                                  0         0             0
     6 \O                                                  0         0      00000000
     6 \success                                            0         0             0
  ---- ----------------------------------------- ----------- --------- -------------
     7 \I                                                  0         0             0
     7 \O                                                  0         0      00000000
     7 \success                                            0         0             0
  ---- ----------------------------------------- ----------- --------- -------------
     8 \I                                                  0         0             0
     8 \O                                                  0         0      00000000
     8 \success                                            0         0             0
  ---- ----------------------------------------- ----------- --------- -------------
     9 \I                                                  0         0             0
     9 \O                                                  0         0      00000000
     9 \success                                            0         0             0
  ---- ----------------------------------------- ----------- --------- -------------
    10 \I                                                  0         0             0
    10 \O                                                  0         0      00000000
    10 \success                                            0         0             0
  ---- ----------------------------------------- ----------- --------- -------------
    11 \I                                                  0         0             0
    11 \O                                                  0         0      00000000
    11 \success                                            0         0             0
  ---- ----------------------------------------- ----------- --------- -------------
    12 \I                                                  0         0             0
    12 \O                                                  0         0      00000000
    12 \success                                            0         0             0
  ---- ----------------------------------------- ----------- --------- -------------
    13 \I                                                  0         0             0
    13 \O                                                  0         0      00000000
    13 \success                                            0         0             0
  ---- ----------------------------------------- ----------- --------- -------------
    14 \I                                                  0         0             0
    14 \O                                                  0         0      00000000
    14 \success                                            0         0             0
  ---- ----------------------------------------- ----------- --------- -------------
    15 \I                                                  0         0             0
    15 \O                                                  0         0      00000000
    15 \success                                            0         0             0
  ---- ----------------------------------------- ----------- --------- -------------
    16 \I                                                  0         0             0
    16 \O                                                  0         0      00000000
    16 \success                                            0         0             0
  ---- ----------------------------------------- ----------- --------- -------------
    17 \I                                                  0         0             0
    17 \O                                                  0         0      00000000
    17 \success                                            0         0             0
  ---- ----------------------------------------- ----------- --------- -------------
    18 \I                                                  0         0             0
    18 \O                                                  0         0      00000000
    18 \success                                            0         0             0
  ---- ----------------------------------------- ----------- --------- -------------
    19 \I                                                  0         0             0
    19 \O                                                  0         0      00000000
    19 \success                                            0         0             0
  ---- ----------------------------------------- ----------- --------- -------------
    20 \I                                                  0         0             0
    20 \O                                                  0         0      00000000
    20 \success                                            0         0             0
  ---- ----------------------------------------- ----------- --------- -------------
    21 \I                                                  0         0             0
    21 \O                                                  0         0      00000000
    21 \success                                            0         0             0
  ---- ----------------------------------------- ----------- --------- -------------
    22 \I                                                  0         0             0
    22 \O                                                  0         0      00000000
    22 \success                                            0         0             0
  ---- ----------------------------------------- ----------- --------- -------------
    23 \I                                                  0         0             0
    23 \O                                                  0         0      00000000
    23 \success                                            0         0             0
  ---- ----------------------------------------- ----------- --------- -------------
    24 \I                                                  0         0             0
    24 \O                                                  0         0      00000000
    24 \success                                            0         0             0
  ---- ----------------------------------------- ----------- --------- -------------
    25 \I                                                  0         0             0
    25 \O                                                  0         0      00000000
    25 \success                                            0         0             0
  ---- ----------------------------------------- ----------- --------- -------------
    26 \I                                                  0         0             0
    26 \O                                                  0         0      00000000
    26 \success                                            0         0             0
  ---- ----------------------------------------- ----------- --------- -------------
    27 \I                                                  0         0             0
    27 \O                                                  0         0      00000000
    27 \success                                            0         0             0
  ---- ----------------------------------------- ----------- --------- -------------
    28 \I                                                  0         0             0
    28 \O                                                  0         0      00000000
    28 \success                                            0         0             0
  ---- ----------------------------------------- ----------- --------- -------------
    29 \I                                                  0         0             0
    29 \O                                                  0         0      00000000
    29 \success                                            0         0             0
  ---- ----------------------------------------- ----------- --------- -------------
    30 \I                                                  0         0             0
    30 \O                                                  0         0      00000000
    30 \success                                            0         0             0
  ---- ----------------------------------------- ----------- --------- -------------
    31 \I                                                  0         0             0
    31 \O                                                  0         0      00000000
    31 \success                                            0         0             0
  ---- ----------------------------------------- ----------- --------- -------------
    32 \I                                                  0         0             0
    32 \O                                                  0         0      00000000
    32 \success                                            0         0             0
  ---- ----------------------------------------- ----------- --------- -------------
    33 \I                                                  0         0             0
    33 \O                                                  0         0      00000000
    33 \success                                            0         0             0
  ---- ----------------------------------------- ----------- --------- -------------
    34 \I                                                  0         0             0
    34 \O                                                  0         0      00000000
    34 \success                                            0         0             0
  ---- ----------------------------------------- ----------- --------- -------------
    35 \I                                                  0         0             0
    35 \O                                                  0         0      00000000
    35 \success                                            0         0             0
  ---- ----------------------------------------- ----------- --------- -------------
    36 \I                                                  0         0             0
    36 \O                                                  0         0      00000000
    36 \success                                            0         0             0
  ---- ----------------------------------------- ----------- --------- -------------
    37 \I                                                  0         0             0
    37 \O                                                  0         0      00000000
    37 \success                                            0         0             0
  ---- ----------------------------------------- ----------- --------- -------------
    38 \I                                                  0         0             0
    38 \O                                                  0         0      00000000
    38 \success                                            0         0             0
  ---- ----------------------------------------- ----------- --------- -------------
    39 \I                                                  0         0             0
    39 \O                                                  0         0      00000000
    39 \success                                            0         0             0
  ---- ----------------------------------------- ----------- --------- -------------
    40 \I                                                  0         0             0
    40 \O                                                  0         0      00000000
    40 \success                                            0         0             0
  ---- ----------------------------------------- ----------- --------- -------------
    41 \I                                                  0         0             0
    41 \O                                                  0         0      00000000
    41 \success                                            0         0             0
  ---- ----------------------------------------- ----------- --------- -------------
    42 \I                                                  0         0             0
    42 \O                                                  0         0      00000000
    42 \success                                            0         0             0
  ---- ----------------------------------------- ----------- --------- -------------
    43 \I                                                  0         0             0
    43 \O                                                  0         0      00000000
    43 \success                                            0         0             0
  ---- ----------------------------------------- ----------- --------- -------------
    44 \I                                                  0         0             0
    44 \O                                                  0         0      00000000
    44 \success                                            0         0             0
  ---- ----------------------------------------- ----------- --------- -------------
    45 \I                                                  0         0             0
    45 \O                                                  0         0      00000000
    45 \success                                            0         0             0
  ---- ----------------------------------------- ----------- --------- -------------
    46 \I                                                  0         0             0
    46 \O                                                  0         0      00000000
    46 \success                                            0         0             0
  ---- ----------------------------------------- ----------- --------- -------------
    47 \I                                                  0         0             0
    47 \O                                                  0         0      00000000
    47 \success                                            0         0             0
  ---- ----------------------------------------- ----------- --------- -------------
    48 \I                                                  0         0             0
    48 \O                                                  0         0      00000000
    48 \success                                            0         0             0
  ---- ----------------------------------------- ----------- --------- -------------
    49 \I                                                  0         0             0
    49 \O                                                  0         0      00000000
    49 \success                                            0         0             0
  ---- ----------------------------------------- ----------- --------- -------------
    50 \I                                                  0         0             0
    50 \O                                                  0         0      00000000
    50 \success                                            0         0             0
  ---- ----------------------------------------- ----------- --------- -------------
    51 \I                                                  0         0             0
    51 \O                                                  0         0      00000000
    51 \success                                            0         0             0
  ---- ----------------------------------------- ----------- --------- -------------
    52 \I                                                  0         0             0
    52 \O                                                  0         0      00000000
    52 \success                                            0         0             0
  ---- ----------------------------------------- ----------- --------- -------------
    53 \I                                                  0         0             0
    53 \O                                                  0         0      00000000
    53 \success                                            0         0             0
  ---- ----------------------------------------- ----------- --------- -------------
    54 \I                                                  0         0             0
    54 \O                                                  0         0      00000000
    54 \success                                            0         0             0
  ---- ----------------------------------------- ----------- --------- -------------
    55 \I                                                  0         0             0
    55 \O                                                  0         0      00000000
    55 \success                                            0         0             0
  ---- ----------------------------------------- ----------- --------- -------------
    56 \I                                                  0         0             0
    56 \O                                                  0         0      00000000
    56 \success                                            0         0             0
  ---- ----------------------------------------- ----------- --------- -------------
    57 \I                                                  0         0             0
    57 \O                                                  0         0      00000000
    57 \success                                            0         0             0
  ---- ----------------------------------------- ----------- --------- -------------
    58 \I                                                  0         0             0
    58 \O                                                  0         0      00000000
    58 \success                                            0         0             0
  ---- ----------------------------------------- ----------- --------- -------------
    59 \I                                                  0         0             0
    59 \O                                                  0         0      00000000
    59 \success                                            0         0             0
  ---- ----------------------------------------- ----------- --------- -------------
    60 \I                                                  0         0             0
    60 \O                                                  0         0      00000000
    60 \success                                            0         0             0
  ---- ----------------------------------------- ----------- --------- -------------
    61 \I                                                  0         0             0
    61 \O                                                  0         0      00000000
    61 \success                                            0         0             0
  ---- ----------------------------------------- ----------- --------- -------------
    62 \I                                                  0         0             0
    62 \O                                                  0         0      00000000
    62 \success                                            0         0             0
  ---- ----------------------------------------- ----------- --------- -------------
    63 \I                                                  0         0             0
    63 \O                                                  0         0      00000000
    63 \success                                            0         0             0
  ---- ----------------------------------------- ----------- --------- -------------
    64 \I                                                  0         0             0
    64 \O                                                  0         0      00000000
    64 \success                                            0         0             0
  ---- ----------------------------------------- ----------- --------- -------------
    65 \I                                                  0         0             0
    65 \O                                                  0         0      00000000
    65 \success                                            0         0             0
  ---- ----------------------------------------- ----------- --------- -------------
    66 \I                                                  0         0             0
    66 \O                                                  0         0      00000000
    66 \success                                            0         0             0
  ---- ----------------------------------------- ----------- --------- -------------
    67 \I                                                  0         0             0
    67 \O                                                  0         0      00000000
    67 \success                                            0         0             0
  ---- ----------------------------------------- ----------- --------- -------------
    68 \I                                                  0         0             0
    68 \O                                                  0         0      00000000
    68 \success                                            0         0             0
  ---- ----------------------------------------- ----------- --------- -------------
    69 \I                                                  0         0             0
    69 \O                                                  0         0      00000000
    69 \success                                            0         0             0
  ---- ----------------------------------------- ----------- --------- -------------
    70 \I                                                  0         0             0
    70 \O                                                  0         0      00000000
    70 \success                                            0         0             0
  ---- ----------------------------------------- ----------- --------- -------------
    71 \I                                                  0         0             0
    71 \O                                                  0         0      00000000
    71 \success                                            0         0             0
  ---- ----------------------------------------- ----------- --------- -------------
    72 \I                                                  0         0             0
    72 \O                                                  0         0      00000000
    72 \success                                            0         0             0
  ---- ----------------------------------------- ----------- --------- -------------
    73 \I                                                  0         0             0
    73 \O                                                  0         0      00000000
    73 \success                                            0         0             0
  ---- ----------------------------------------- ----------- --------- -------------
    74 \I                                                  0         0             0
    74 \O                                                  0         0      00000000
    74 \success                                            0         0             0
  ---- ----------------------------------------- ----------- --------- -------------
    75 \I                                                  0         0             0
    75 \O                                                  0         0      00000000
    75 \success                                            0         0             0
  ---- ----------------------------------------- ----------- --------- -------------
    76 \I                                                  0         0             0
    76 \O                                                  0         0      00000000
    76 \success                                            0         0             0
  ---- ----------------------------------------- ----------- --------- -------------
    77 \I                                                  0         0             0
    77 \O                                                  0         0      00000000
    77 \success                                            0         0             0
  ---- ----------------------------------------- ----------- --------- -------------
    78 \I                                                  0         0             0
    78 \O                                                  0         0      00000000
    78 \success                                            0         0             0
  ---- ----------------------------------------- ----------- --------- -------------
    79 \I                                                  0         0             0
    79 \O                                                  0         0      00000000
    79 \success                                            0         0             0
  ---- ----------------------------------------- ----------- --------- -------------
    80 \I                                                  0         0             0
    80 \O                                                  0         0      00000000
    80 \success                                            0         0             0
  ---- ----------------------------------------- ----------- --------- -------------
    81 \I                                                  0         0             0
    81 \O                                                  0         0      00000000
    81 \success                                            0         0             0
  ---- ----------------------------------------- ----------- --------- -------------
    82 \I                                                  0         0             0
    82 \O                                                  0         0      00000000
    82 \success                                            0         0             0
  ---- ----------------------------------------- ----------- --------- -------------
    83 \I                                                  0         0             0
    83 \O                                                  0         0      00000000
    83 \success                                            0         0             0
  ---- ----------------------------------------- ----------- --------- -------------
    84 \I                                                  0         0             0
    84 \O                                                  0         0      00000000
    84 \success                                            0         0             0
  ---- ----------------------------------------- ----------- --------- -------------
    85 \I                                                  0         0             0
    85 \O                                                  0         0      00000000
    85 \success                                            0         0             0
  ---- ----------------------------------------- ----------- --------- -------------
    86 \I                                                  0         0             0
    86 \O                                                  0         0      00000000
    86 \success                                            0         0             0
  ---- ----------------------------------------- ----------- --------- -------------
    87 \I                                                  0         0             0
    87 \O                                                  0         0      00000000
    87 \success                                            0         0             0
  ---- ----------------------------------------- ----------- --------- -------------
    88 \I                                                  0         0             0
    88 \O                                                  0         0      00000000
    88 \success                                            0         0             0
  ---- ----------------------------------------- ----------- --------- -------------
    89 \I                                                  0         0             0
    89 \O                                                  0         0      00000000
    89 \success                                            0         0             0
  ---- ----------------------------------------- ----------- --------- -------------
    90 \I                                                  0         0             0
    90 \O                                                  0         0      00000000
    90 \success                                            0         0             0
  ---- ----------------------------------------- ----------- --------- -------------
    91 \I                                                  0         0             0
    91 \O                                                  0         0      00000000
    91 \success                                            0         0             0
  ---- ----------------------------------------- ----------- --------- -------------
    92 \I                                                  0         0             0
    92 \O                                                  0         0      00000000
    92 \success                                            0         0             0
  ---- ----------------------------------------- ----------- --------- -------------
    93 \I                                                  0         0             0
    93 \O                                                  0         0      00000000
    93 \success                                            0         0             0
  ---- ----------------------------------------- ----------- --------- -------------
    94 \I                                                  0         0             0
    94 \O                                                  0         0      00000000
    94 \success                                            0         0             0
  ---- ----------------------------------------- ----------- --------- -------------
    95 \I                                                  0         0             0
    95 \O                                                  0         0      00000000
    95 \success                                            0         0             0
  ---- ----------------------------------------- ----------- --------- -------------
    96 \I                                                  0         0             0
    96 \O                                                  0         0      00000000
    96 \success                                            0         0             0
  ---- ----------------------------------------- ----------- --------- -------------
    97 \I                                                  0         0             0
    97 \O                                                  0         0      00000000
    97 \success                                            0         0             0
  ---- ----------------------------------------- ----------- --------- -------------
    98 \I                                                  0         0             0
    98 \O                                                  0         0      00000000
    98 \success                                            0         0             0
  ---- ----------------------------------------- ----------- --------- -------------
    99 \I                                                  0         0             0
    99 \O                                                  0         0      00000000
    99 \success                                            0         0             0
  ---- ----------------------------------------- ----------- --------- -------------
   100 \I                                                  0         0             0
   100 \O                                                  0         0      00000000
   100 \success                                            0         0             0
  ---- ----------------------------------------- ----------- --------- -------------
   101 \I                                                  0         0             0
   101 \O                                                  0         0      00000000
   101 \success                                            0         0             0
  ---- ----------------------------------------- ----------- --------- -------------
   102 \I                                                  0         0             0
   102 \O                                                  0         0      00000000
   102 \success                                            0         0             0
  ---- ----------------------------------------- ----------- --------- -------------
   103 \I                                                  0         0             0
   103 \O                                                  0         0      00000000
   103 \success                                            0         0             0
  ---- ----------------------------------------- ----------- --------- -------------
   104 \I                                                  0         0             0
   104 \O                                                  0         0      00000000
   104 \success                                            0         0             0
  ---- ----------------------------------------- ----------- --------- -------------
   105 \I                                                  0         0             0
   105 \O                                                  0         0      00000000
   105 \success                                            0         0             0
  ---- ----------------------------------------- ----------- --------- -------------
   106 \I                                                  0         0             0
   106 \O                                                  0         0      00000000
   106 \success                                            0         0             0
  ---- ----------------------------------------- ----------- --------- -------------
   107 \I                                                  0         0             0
   107 \O                                                  0         0      00000000
   107 \success                                            0         0             0
  ---- ----------------------------------------- ----------- --------- -------------
   108 \I                                                  0         0             0
   108 \O                                                  0         0      00000000
   108 \success                                            0         0             0
  ---- ----------------------------------------- ----------- --------- -------------
   109 \I                                                  0         0             0
   109 \O                                                  0         0      00000000
   109 \success                                            0         0             0
  ---- ----------------------------------------- ----------- --------- -------------
   110 \I                                                  0         0             0
   110 \O                                                  0         0      00000000
   110 \success                                            0         0             0
  ---- ----------------------------------------- ----------- --------- -------------
   111 \I                                                  0         0             0
   111 \O                                                  0         0      00000000
   111 \success                                            0         0             0
  ---- ----------------------------------------- ----------- --------- -------------
   112 \I                                                  0         0             0
   112 \O                                                  0         0      00000000
   112 \success                                            0         0             0
  ---- ----------------------------------------- ----------- --------- -------------
   113 \I                                                  0         0             0
   113 \O                                                  0         0      00000000
   113 \success                                            0         0             0
  ---- ----------------------------------------- ----------- --------- -------------
   114 \I                                                  0         0             0
   114 \O                                                  0         0      00000000
   114 \success                                            0         0             0
  ---- ----------------------------------------- ----------- --------- -------------
   115 \I                                                  0         0             0
   115 \O                                                  0         0      00000000
   115 \success                                            0         0             0
  ---- ----------------------------------------- ----------- --------- -------------
   116 \I                                                  0         0             0
   116 \O                                                  0         0      00000000
   116 \success                                            0         0             0
  ---- ----------------------------------------- ----------- --------- -------------
   117 \I                                                  0         0             0
   117 \O                                                  0         0      00000000
   117 \success                                            0         0             0
  ---- ----------------------------------------- ----------- --------- -------------
   118 \I                                                  0         0             0
   118 \O                                                  0         0      00000000
   118 \success                                            0         0             0
  ---- ----------------------------------------- ----------- --------- -------------
   119 \I                                                  0         0             0
   119 \O                                                  0         0      00000000
   119 \success                                            0         0             0
  ---- ----------------------------------------- ----------- --------- -------------
   120 \I                                                  0         0             0
   120 \O                                                  0         0      00000000
   120 \success                                            0         0             0
  ---- ----------------------------------------- ----------- --------- -------------
   121 \I                                                  0         0             0
   121 \O                                                  0         0      00000000
   121 \success                                            0         0             0
  ---- ----------------------------------------- ----------- --------- -------------
   122 \I                                                  0         0             0
   122 \O                                                  0         0      00000000
   122 \success                                            0         0             0
  ---- ----------------------------------------- ----------- --------- -------------
   123 \I                                                  0         0             0
   123 \O                                                  0         0      00000000
   123 \success                                            0         0             0
  ---- ----------------------------------------- ----------- --------- -------------
   124 \I                                                  0         0             0
   124 \O                                                  0         0      00000000
   124 \success                                            0         0             0
  ---- ----------------------------------------- ----------- --------- -------------
   125 \I                                                  0         0             0
   125 \O                                                  0         0      00000000
   125 \success                                            0         0             0
  ---- ----------------------------------------- ----------- --------- -------------
   126 \I                                                  0         0             0
   126 \O                                                  0         0      00000000
   126 \success                                            0         0             0
  ---- ----------------------------------------- ----------- --------- -------------
   127 \I                                                  0         0             0
   127 \O                                                 69        45      01000101
   127 \success                                            0         0             0
  ---- ----------------------------------------- ----------- --------- -------------
   128 \I                                                  0         0             0
   128 \O                                                 77        4d      01001101
   128 \success                                            0         0             0
  ---- ----------------------------------------- ----------- --------- -------------
   129 \I                                                  0         0             0
   129 \O                                                 80        50      01010000
   129 \success                                            0         0             0
  ---- ----------------------------------------- ----------- --------- -------------
   130 \I                                                  0         0             0
   130 \O                                                 84        54      01010100
   130 \success                                            0         0             0
  ---- ----------------------------------------- ----------- --------- -------------
   131 \I                                                  0         0             0
   131 \O                                                 89        59      01011001
   131 \success                                            0         0             0
  ---- ----------------------------------------- ----------- --------- -------------
   132 \I                                                  0         0             0
   132 \O                                                 32        20      00100000
   132 \success                                            0         0             0
  ---- ----------------------------------------- ----------- --------- -------------
   133 \I                                                  0         0             0
   133 \O                                                 83        53      01010011
   133 \success                                            0         0             0
  ---- ----------------------------------------- ----------- --------- -------------
   134 \I                                                  0         0             0
   134 \O                                                 75        4b      01001011
   134 \success                                            0         0             0
  ---- ----------------------------------------- ----------- --------- -------------
   135 \I                                                  0         0             0
   135 \O                                                 89        59      01011001
   135 \success                                            0         0             0
  ---- ----------------------------------------- ----------- --------- -------------
   136 \I                                                  0         0             0
   136 \O                                                  0         0      00000000
   136 \success                                            0         0             0
  ---- ----------------------------------------- ----------- --------- -------------
   137 \I                                                  0         0             0
   137 \O                                                  0         0      00000000
   137 \success                                            0         0             0
  ---- ----------------------------------------- ----------- --------- -------------
   138 \I                                                  0         0             0
   138 \O                                                  0         0      00000000
   138 \success                                            0         0             0
  ---- ----------------------------------------- ----------- --------- -------------
   139 \I                                                  0         0             0
   139 \O                                                  0         0      00000000
   139 \success                                            0         0             0
  ---- ----------------------------------------- ----------- --------- -------------
   140 \I                                                  0         0             0
   140 \O                                                  0         0      00000000
   140 \success                                            0         0             0
  ---- ----------------------------------------- ----------- --------- -------------
   141 \I                                                  0         0             0
   141 \O                                                  0         0      00000000
   141 \success                                            0         0             0
  ---- ----------------------------------------- ----------- --------- -------------
   142 \I                                                  0         0             0
   142 \O                                                  0         0      00000000
   142 \success                                            0         0             0
  ---- ----------------------------------------- ----------- --------- -------------
   143 \I                                                  0         0             0
   143 \O                                                  0         0      00000000
   143 \success                                            0         0             0
  ---- ----------------------------------------- ----------- --------- -------------
   144 \I                                                  0         0             0
   144 \O                                                  0         0      00000000
   144 \success                                            0         0             0
  ---- ----------------------------------------- ----------- --------- -------------
   145 \I                                                  0         0             0
   145 \O                                                  0         0      00000000
   145 \success                                            0         0             0
  ---- ----------------------------------------- ----------- --------- -------------
   146 \I                                                  0         0             0
   146 \O                                                  0         0      00000000
   146 \success                                            0         0             0
  ---- ----------------------------------------- ----------- --------- -------------
   147 \I                                                  0         0             0
   147 \O                                                  0         0      00000000
   147 \success                                            0         0             0
  ---- ----------------------------------------- ----------- --------- -------------
   148 \I                                                  0         0             0
   148 \O                                                  0         0      00000000
   148 \success                                            0         0             0
  ---- ----------------------------------------- ----------- --------- -------------
   149 \I                                                  0         0             0
   149 \O                                                  0         0      00000000
   149 \success                                            0         0             0
  ---- ----------------------------------------- ----------- --------- -------------
   150 \I                                                  0         0             0
   150 \O                                                  0         0      00000000
   150 \success                                            0         0             0
  ---- ----------------------------------------- ----------- --------- -------------
   151 \I                                                  0         0             0
   151 \O                                                  0         0      00000000
   151 \success                                            0         0             0
  ---- ----------------------------------------- ----------- --------- -------------
   152 \I                                                  0         0             0
   152 \O                                                  0         0      00000000
   152 \success                                            0         0             0
  ---- ----------------------------------------- ----------- --------- -------------
   153 \I                                                  0         0             0
   153 \O                                                  0         0      00000000
   153 \success                                            0         0             0
  ---- ----------------------------------------- ----------- --------- -------------
   154 \I                                                  0         0             0
   154 \O                                                  0         0      00000000
   154 \success                                            0         0             0
  ---- ----------------------------------------- ----------- --------- -------------
   155 \I                                                  0         0             0
   155 \O                                                  0         0      00000000
   155 \success                                            0         0             0
  ---- ----------------------------------------- ----------- --------- -------------
   156 \I                                                  0         0             0
   156 \O                                                  0         0      00000000
   156 \success                                            0         0             0
  ---- ----------------------------------------- ----------- --------- -------------
   157 \I                                                  0         0             0
   157 \O                                                  0         0      00000000
   157 \success                                            0         0             0
  ---- ----------------------------------------- ----------- --------- -------------
   158 \I                                                  0         0             0
   158 \O                                                  0         0      00000000
   158 \success                                            0         0             0
  ---- ----------------------------------------- ----------- --------- -------------
   159 \I                                                  0         0             0
   159 \O                                                  0         0      00000000
   159 \success                                            0         0             0
  ---- ----------------------------------------- ----------- --------- -------------
   160 \I                                                  0         0             0
   160 \O                                                  0         0      00000000
   160 \success                                            0         0             0
  ---- ----------------------------------------- ----------- --------- -------------
   161 \I                                                  0         0             0
   161 \O                                                  0         0      00000000
   161 \success                                            0         0             0
  ---- ----------------------------------------- ----------- --------- -------------
   162 \I                                                  0         0             0
   162 \O                                                  0         0      00000000
   162 \success                                            0         0             0
  ---- ----------------------------------------- ----------- --------- -------------
   163 \I                                                  0         0             0
   163 \O                                                  0         0      00000000
   163 \success                                            0         0             0
  ---- ----------------------------------------- ----------- --------- -------------
   164 \I                                                  0         0             0
   164 \O                                                  0         0      00000000
   164 \success                                            0         0             0
  ---- ----------------------------------------- ----------- --------- -------------
   165 \I                                                  0         0             0
   165 \O                                                  0         0      00000000
   165 \success                                            0         0             0
  ---- ----------------------------------------- ----------- --------- -------------
   166 \I                                                  0         0             0
   166 \O                                                  0         0      00000000
   166 \success                                            0         0             0
  ---- ----------------------------------------- ----------- --------- -------------
   167 \I                                                  0         0             0
   167 \O                                                  0         0      00000000
   167 \success                                            0         0             0
  ---- ----------------------------------------- ----------- --------- -------------
   168 \I                                                  0         0             0
   168 \O                                                  0         0      00000000
   168 \success                                            0         0             0
  ---- ----------------------------------------- ----------- --------- -------------
   169 \I                                                  0         0             0
   169 \O                                                  0         0      00000000
   169 \success                                            0         0             0
  ---- ----------------------------------------- ----------- --------- -------------
   170 \I                                                  0         0             0
   170 \O                                                  0         0      00000000
   170 \success                                            0         0             0
  ---- ----------------------------------------- ----------- --------- -------------
   171 \I                                                  0         0             0
   171 \O                                                  0         0      00000000
   171 \success                                            0         0             0
  ---- ----------------------------------------- ----------- --------- -------------
   172 \I                                                  0         0             0
   172 \O                                                  0         0      00000000
   172 \success                                            0         0             0
  ---- ----------------------------------------- ----------- --------- -------------
   173 \I                                                  0         0             0
   173 \O                                                  0         0      00000000
   173 \success                                            0         0             0
  ---- ----------------------------------------- ----------- --------- -------------
   174 \I                                                  0         0             0
   174 \O                                                  0         0      00000000
   174 \success                                            0         0             0
  ---- ----------------------------------------- ----------- --------- -------------
   175 \I                                                  0         0             0
   175 \O                                                  0         0      00000000
   175 \success                                            0         0             0
  ---- ----------------------------------------- ----------- --------- -------------
   176 \I                                                  0         0             0
   176 \O                                                  0         0      00000000
   176 \success                                            0         0             0
  ---- ----------------------------------------- ----------- --------- -------------
   177 \I                                                  0         0             0
   177 \O                                                  0         0      00000000
   177 \success                                            0         0             0
  ---- ----------------------------------------- ----------- --------- -------------
   178 \I                                                  0         0             0
   178 \O                                                  0         0      00000000
   178 \success                                            0         0             0
  ---- ----------------------------------------- ----------- --------- -------------
   179 \I                                                  0         0             0
   179 \O                                                  0         0      00000000
   179 \success                                            0         0             0
  ---- ----------------------------------------- ----------- --------- -------------
   180 \I                                                  0         0             0
   180 \O                                                  0         0      00000000
   180 \success                                            0         0             0
  ---- ----------------------------------------- ----------- --------- -------------
   181 \I                                                  0         0             0
   181 \O                                                  0         0      00000000
   181 \success                                            0         0             0
  ---- ----------------------------------------- ----------- --------- -------------
   182 \I                                                  0         0             0
   182 \O                                                  0         0      00000000
   182 \success                                            0         0             0
  ---- ----------------------------------------- ----------- --------- -------------
   183 \I                                                  0         0             0
   183 \O                                                  0         0      00000000
   183 \success                                            0         0             0
  ---- ----------------------------------------- ----------- --------- -------------
   184 \I                                                  0         0             0
   184 \O                                                  0         0      00000000
   184 \success                                            0         0             0
  ---- ----------------------------------------- ----------- --------- -------------
   185 \I                                                  0         0             0
   185 \O                                                  0         0      00000000
   185 \success                                            0         0             0
  ---- ----------------------------------------- ----------- --------- -------------
   186 \I                                                  0         0             0
   186 \O                                                  0         0      00000000
   186 \success                                            0         0             0
  ---- ----------------------------------------- ----------- --------- -------------
   187 \I                                                  0         0             0
   187 \O                                                  0         0      00000000
   187 \success                                            0         0             0
  ---- ----------------------------------------- ----------- --------- -------------
   188 \I                                                  0         0             0
   188 \O                                                  0         0      00000000
   188 \success                                            0         0             0
  ---- ----------------------------------------- ----------- --------- -------------
   189 \I                                                  0         0             0
   189 \O                                                  0         0      00000000
   189 \success                                            0         0             0
  ---- ----------------------------------------- ----------- --------- -------------
   190 \I                                                  0         0             0
   190 \O                                                  0         0      00000000
   190 \success                                            0         0             0
  ---- ----------------------------------------- ----------- --------- -------------
   191 \I                                                  0         0             0
   191 \O                                                  0         0      00000000
   191 \success                                            0         0             0
  ---- ----------------------------------------- ----------- --------- -------------
   192 \I                                                  0         0             0
   192 \O                                                  0         0      00000000
   192 \success                                            0         0             0
  ---- ----------------------------------------- ----------- --------- -------------
   193 \I                                                  0         0             0
   193 \O                                                  0         0      00000000
   193 \success                                            0         0             0
  ---- ----------------------------------------- ----------- --------- -------------
   194 \I                                                  0         0             0
   194 \O                                                  0         0      00000000
   194 \success                                            0         0             0
  ---- ----------------------------------------- ----------- --------- -------------
   195 \I                                                  0         0             0
   195 \O                                                  0         0      00000000
   195 \success                                            0         0             0
  ---- ----------------------------------------- ----------- --------- -------------
   196 \I                                                  0         0             0
   196 \O                                                  0         0      00000000
   196 \success                                            0         0             0
  ---- ----------------------------------------- ----------- --------- -------------
   197 \I                                                  0         0             0
   197 \O                                                  0         0      00000000
   197 \success                                            0         0             0
  ---- ----------------------------------------- ----------- --------- -------------
   198 \I                                                  0         0             0
   198 \O                                                  0         0      00000000
   198 \success                                            0         0             0
  ---- ----------------------------------------- ----------- --------- -------------
   199 \I                                                  0         0             0
   199 \O                                                  0         0      00000000
   199 \success                                            0         0             0
  ---- ----------------------------------------- ----------- --------- -------------
   200 \I                                                  0         0             0
   200 \O                                                  0         0      00000000
   200 \success                                            0         0             0
Dumping SAT model to VCD file /home/hunlu/apexcompute/asic-puzzle-2026/output_search_results/model_2.vcd

End of script. Logfile hash: e3a82bf260, time: 4.57s, user: 4.27s, system: 0.30s, MEM: 1149.79 MB peak
Yosys 0.64+345 (git sha1 948c3d639, Release, Clang /usr/bin/clang++ 18.1.8)
Time spent: 98% 1x sat (4 sec), 0% 2x read_verilog (0 sec), ...
